timestamp,project_name,run_id,duration,emissions,emissions_rate,cpu_power,gpu_power,ram_power,cpu_energy,gpu_energy,ram_energy,energy_consumed,country_name,country_iso_code,region,cloud_provider,cloud_region,os,python_version,cpu_count,cpu_model,gpu_count,gpu_model,longitude,latitude,ram_total_size,tracking_mode,on_cloud
2022-06-15T21:40:21,codecarbon,6baa47ad-8947-4afc-af15-0afe6bf7c400,3.4063665866851807,2.2511205297445143e-05,0.006608568022431,32.5,34.71000000000001,11.980078697204592,3.075192057424122e-05,3.273702581326167e-05,1.1299111079092276e-05,7.478805746659517e-05,Germany,DEU,,,,Windows-10-10.0.22000-SP0,3.9.12,16,AMD Ryzen 7 3700X 8-Core Processor,1.0,1 x NVIDIA GeForce GTX 1080,,,31.946876525878903,machine,N
2022-06-15T21:44:21,codecarbon,d03a9382-372c-4abc-bdac-ca0940bb328a,103.40277457237244,0.0004716804672509,0.0045615842437653,32.5,10.286,11.980078697204592,0.000933470201989,0.0002897737078922,0.0003438008318162,0.0015670447416975,Germany,DEU,,,,Windows-10-10.0.22000-SP0,3.9.12,16,AMD Ryzen 7 3700X 8-Core Processor,1.0,1 x NVIDIA GeForce GTX 1080,,,31.946876525878903,machine,N
2022-06-15T21:49:25,codecarbon,eec52bc5-b2a5-4f0f-8a74-253a1613fb45,103.66479015350342,0.0005586460683626,0.0053889663745563,32.5,13.477,11.980078697204592,0.0009358271077275,0.0005754271457675,0.000344712751032,0.0018559670045271,Germany,DEU,,,,Windows-10-10.0.22000-SP0,3.9.12,16,AMD Ryzen 7 3700X 8-Core Processor,1.0,1 x NVIDIA GeForce GTX 1080,,,31.946876525878903,machine,N
2022-06-16T13:09:37,codecarbon,d68519ef-f2a5-499b-a7c7-dee7a3dbc15b,54.02186536788941,0.0002536435412235,0.0046952014614124,32.5,12.261,11.980078697204592,0.0004876793371306,0.0001754292730078,0.0001795609620327,0.0008426695721712,Germany,DEU,,,,Windows-10-10.0.22000-SP0,3.9.12,16,AMD Ryzen 7 3700X 8-Core Processor,1.0,1 x NVIDIA GeForce GTX 1080,,,31.946876525878903,machine,N
2022-06-16T13:41:00,codecarbon,8f0f6e26-417b-415b-b449-afbd8f6d51a2,10.055717706680298,6.441400102734945e-05,0.0064057089614356,32.5,32.211,11.980078697204592,9.077175557613373e-05,8.982141210615635e-05,3.340683573083103e-05,0.0002140000034131,Germany,DEU,,,,Windows-10-10.0.22000-SP0,3.9.12,16,AMD Ryzen 7 3700X 8-Core Processor,1.0,1 x NVIDIA GeForce GTX 1080,,,31.946876525878903,machine,N
2022-06-19T21:45:11,codecarbon,de04171a-359b-450c-85ae-d56ac2060c17,22.82928204536438,0.0001304819097452,0.0057155502957094,47.5,14.761,5.9588727951049805,0.0003011933916144,9.457276103278002e-05,3.772856411424641e-05,0.0004334947167615,Germany,DEU,,,,Windows-10-10.0.19041-SP0,3.10.5,8,Intel(R) Core(TM) i7-6700K CPU @ 4.00GHz,1.0,1 x NVIDIA GeForce GTX 960,,,15.89032745361328,machine,N
2022-06-19T21:46:03,codecarbon,d7a87ccf-8579-4df1-934f-e44aabf9b50e,3.374196052551269,1.921755849986887e-05,0.0056954481009893,47.5,14.761,5.9588727951049805,4.4507474038336016e-05,1.3777886046038737e-05,5.560349217515182e-06,6.384570930188994e-05,Germany,DEU,,,,Windows-10-10.0.19041-SP0,3.10.5,8,Intel(R) Core(TM) i7-6700K CPU @ 4.00GHz,1.0,1 x NVIDIA GeForce GTX 960,,,15.89032745361328,machine,N
2022-06-19T21:46:16,codecarbon,01598b64-efe6-48da-a624-837df2474775,1.7012898921966553,9.681093129851308e-06,0.005690442983442,47.5,14.761,5.9588727951049805,2.2447574966483645e-05,6.922592386868265e-06,2.7929327458218723e-06,3.216310009917378e-05,Germany,DEU,,,,Windows-10-10.0.19041-SP0,3.10.5,8,Intel(R) Core(TM) i7-6700K CPU @ 4.00GHz,1.0,1 x NVIDIA GeForce GTX 960,,,15.89032745361328,machine,N
2022-06-19T21:47:22,codecarbon,d9e53bab-daa1-4e59-a562-a9aed828a2a3,21.674362659454346,0.0001236847320111,0.0057064991462245,47.5,14.76,5.9588727951049805,0.0002859811739789,8.910476052747832e-05,3.5826796427623434e-05,0.000410912730934,Germany,DEU,,,,Windows-10-10.0.19041-SP0,3.10.5,8,Intel(R) Core(TM) i7-6700K CPU @ 4.00GHz,1.0,1 x NVIDIA GeForce GTX 960,,,15.89032745361328,machine,N
2022-06-19T21:56:06,codecarbon,4c855e14-6340-4574-8b5d-032c2eedeb88,2.956956148147583,1.6833227730775687e-05,0.0056927552819209,47.5,14.748,5.9588727951049805,3.900225046608183e-05,1.205237734635671e-05,4.869716808078693e-06,5.592434462051724e-05,Germany,DEU,,,,Windows-10-10.0.19041-SP0,3.10.5,8,Intel(R) Core(TM) i7-6700K CPU @ 4.00GHz,1.0,1 x NVIDIA GeForce GTX 960,,,15.89032745361328,machine,N
2022-06-19T22:11:20,codecarbon,b055aed0-a9a3-41b8-812b-5f4652e847c4,21.062302589416504,0.0001201077270507,0.0057024974615584,47.5,14.855,5.9588727951049805,0.0002778787270188,8.634156771832043e-05,3.480869878684814e-05,0.000399028993524,Germany,DEU,,,,Windows-10-10.0.19041-SP0,3.10.5,8,Intel(R) Core(TM) i7-6700K CPU @ 4.00GHz,1.0,1 x NVIDIA GeForce GTX 960,,,15.89032745361328,machine,N
2022-06-19T22:13:15,codecarbon,fbc1d669-ce35-4d61-8d44-5c57c7d03c28,19.99623346328736,0.0001139399931723,0.0056980727586287,47.5,14.672,5.9588727951049805,0.0002638128674692,8.168278583923976e-05,3.304252998830918e-05,0.0003785381832968,Germany,DEU,,,,Windows-10-10.0.19041-SP0,3.10.5,8,Intel(R) Core(TM) i7-6700K CPU @ 4.00GHz,1.0,1 x NVIDIA GeForce GTX 960,,,15.89032745361328,machine,N
2022-06-19T22:54:45,codecarbon,aafc74d4-65ea-4bcb-aafa-4e68064969d8,19.679468154907227,0.0001122906024778,0.0057059774986757,47.5,14.76,5.9588727951049805,0.0002596333377891,8.09052836328745e-05,3.2519858570729524e-05,0.0003730584799927,Germany,DEU,,,,Windows-10-10.0.19041-SP0,3.10.5,8,Intel(R) Core(TM) i7-6700K CPU @ 4.00GHz,1.0,1 x NVIDIA GeForce GTX 960,,,15.89032745361328,machine,N
2022-06-19T23:08:46,codecarbon,aaed699c-ccb7-4040-a28c-1fba81ed6aca,19.629759788513184,0.0001119685241868,0.0057040190706971,47.5,14.662,5.9588727951049805,0.0002589642794595,8.058495053238341e-05,3.243922245615352e-05,0.0003719884524481,Germany,DEU,,,,Windows-10-10.0.19041-SP0,3.10.5,8,Intel(R) Core(TM) i7-6700K CPU @ 4.00GHz,1.0,1 x NVIDIA GeForce GTX 960,,,15.89032745361328,machine,N
2022-06-19T23:10:08,codecarbon,1ec3891a-aa52-444b-a977-a9e34263a99b,20.28369188308716,0.0001157855127368,0.0057083056380563,47.5,14.847,5.9588727951049805,0.0002676188742121,8.352570142216153e-05,3.352490189670675e-05,0.0003846694775309,Germany,DEU,,,,Windows-10-10.0.19041-SP0,3.10.5,8,Intel(R) Core(TM) i7-6700K CPU @ 4.00GHz,1.0,1 x NVIDIA GeForce GTX 960,,,15.89032745361328,machine,N
2022-06-19T23:10:45,codecarbon,32b306ba-95d2-4cbb-a40a-316bd677cac5,19.30948209762573,0.0001100513019167,0.005699339907736,47.5,14.761,5.9588727951049805,0.0002547515521446,7.895999809026719e-05,3.190739300993926e-05,0.0003656189432448,Germany,DEU,,,,Windows-10-10.0.19041-SP0,3.10.5,8,Intel(R) Core(TM) i7-6700K CPU @ 4.00GHz,1.0,1 x NVIDIA GeForce GTX 960,,,15.89032745361328,machine,N
2022-06-19T23:24:47,codecarbon,2d1b4a09-0523-4f2c-88e1-944641715ed1,20.298848390579224,0.0001184743036595,0.005836503696169,47.5,16.461000000000002,5.9588727951049805,0.0002678188653455,9.22334835920069e-05,3.354998880191544e-05,0.0003936023377395,Germany,DEU,,,,Windows-10-10.0.19041-SP0,3.10.5,8,Intel(R) Core(TM) i7-6700K CPU @ 4.00GHz,1.0,1 x NVIDIA GeForce GTX 960,,,15.89032745361328,machine,N
2022-06-19T23:26:49,codecarbon,7f93f775-43d1-4134-bf2d-b76d10d47d5a,109.50957107543944,0.000677484330078,0.0061865307609627,47.5,30.69,5.9588727951049805,0.0014448258143332,0.0006249123202384,0.0001810403706709,0.0022507785052426,Germany,DEU,,,,Windows-10-10.0.19041-SP0,3.10.5,8,Intel(R) Core(TM) i7-6700K CPU @ 4.00GHz,1.0,1 x NVIDIA GeForce GTX 960,,,15.89032745361328,machine,N
2022-06-19T23:27:57,codecarbon,a70e631e-734f-4b70-bd02-d54c5708c36d,21.151572704315186,0.0001496551347032,0.0070753667727357,47.5,31.241,5.9588727951049805,0.0002790569363368,0.0001831813092275,3.495489298445477e-05,0.0004971931385488,Germany,DEU,,,,Windows-10-10.0.19041-SP0,3.10.5,8,Intel(R) Core(TM) i7-6700K CPU @ 4.00GHz,1.0,1 x NVIDIA GeForce GTX 960,,,15.89032745361328,machine,N
2022-06-19T23:46:17,codecarbon,663d28f1-2161-4a9f-b21b-7c3634e2f3fd,107.73560166358948,0.0006176292078061,0.0057328236745241,47.5,14.951,5.9588727951049805,0.001421419248316,0.0004523959673688,0.0001781090627407,0.0020519242784256,Germany,DEU,,,,Windows-10-10.0.19041-SP0,3.10.5,8,Intel(R) Core(TM) i7-6700K CPU @ 4.00GHz,1.0,1 x NVIDIA GeForce GTX 960,,,15.89032745361328,machine,N
2022-06-19T23:49:11,codecarbon,4525a5da-ab65-49e2-b4e2-2b9c6149c6a3,1.201540231704712,6.833003433262902e-06,0.0056868702794649,47.5,14.855,5.9588727951049805,1.5840496950679356e-05,4.896392607357767e-06,1.9641185258927864e-06,2.2701008083929903e-05,Germany,DEU,,,,Windows-10-10.0.19041-SP0,3.10.5,8,Intel(R) Core(TM) i7-6700K CPU @ 4.00GHz,1.0,1 x NVIDIA GeForce GTX 960,,,15.89032745361328,machine,N
2022-06-19T23:49:28,codecarbon,614f2c9b-982d-4e60-b744-9450299fc8ff,1.97017765045166,1.1211638480561058e-05,0.0056906738729833,47.5,14.76,5.9588727951049805,2.5995399554570515e-05,8.016262149810791e-06,3.2363066695756967e-06,3.7247968373957e-05,Germany,DEU,,,,Windows-10-10.0.19041-SP0,3.10.5,8,Intel(R) Core(TM) i7-6700K CPU @ 4.00GHz,1.0,1 x NVIDIA GeForce GTX 960,,,15.89032745361328,machine,N
2022-06-19T23:49:47,codecarbon,eef3e48f-e14c-4197-8c03-94a8c5ee508f,3.073364496231079,1.7526738903866012e-05,0.0057027856361845,47.5,14.857000000000005,5.9588727951049805,4.053818136453629e-05,1.2626091259121896e-05,5.064095827723918e-06,5.82283684513821e-05,Germany,DEU,,,,Windows-10-10.0.19041-SP0,3.10.5,8,Intel(R) Core(TM) i7-6700K CPU @ 4.00GHz,1.0,1 x NVIDIA GeForce GTX 960,,,15.89032745361328,machine,N
2022-06-19T23:49:58,codecarbon,c8330273-9de8-49b0-af1c-17d022ec366f,1.9203920364379885,1.0929496542511262e-05,0.0056912840373904,47.5,14.76,5.9588727951049805,2.5338506036334567e-05,7.816467618942262e-06,3.155646087285504e-06,3.631061974256233e-05,Germany,DEU,,,,Windows-10-10.0.19041-SP0,3.10.5,8,Intel(R) Core(TM) i7-6700K CPU @ 4.00GHz,1.0,1 x NVIDIA GeForce GTX 960,,,15.89032745361328,machine,N
2022-06-19T23:50:16,codecarbon,0c1cdf1e-a543-4f69-ab9b-8500ea64d9d5,4.59611701965332,2.617250010150544e-05,0.00569448079533,47.5,14.761,5.9588727951049805,6.060371829403772e-05,1.8771743547320367e-05,7.576365738394202e-06,8.695182757975229e-05,Germany,DEU,,,,Windows-10-10.0.19041-SP0,3.10.5,8,Intel(R) Core(TM) i7-6700K CPU @ 4.00GHz,1.0,1 x NVIDIA GeForce GTX 960,,,15.89032745361328,machine,N
2022-06-20T00:20:35,codecarbon,5aab7ef1-b753-4d3e-8784-fcb10b00cffa,8.43219518661499,4.805981517432313e-05,0.0056995615152044,47.5,14.751,5.9588727951049805,0.0001112449783417,3.4489618039131166e-05,1.3932563666662644e-05,0.0001596671600475,Germany,DEU,,,,Windows-10-10.0.19041-SP0,3.10.5,8,Intel(R) Core(TM) i7-6700K CPU @ 4.00GHz,1.0,1 x NVIDIA GeForce GTX 960,,,15.89032745361328,machine,N
2022-06-20T00:36:19,codecarbon,7041b0d9-bb36-4eaf-b4fd-464ee46c785b,55.07015943527222,0.0003138341087678,0.0056988051602925,47.5,14.654,5.9588727951049805,0.000726370099518,0.0002252721583865,9.09959772046426e-05,0.0010426382351091,Germany,DEU,,,,Windows-10-10.0.19041-SP0,3.10.5,8,Intel(R) Core(TM) i7-6700K CPU @ 4.00GHz,1.0,1 x NVIDIA GeForce GTX 960,,,15.89032745361328,machine,N
2022-06-20T00:37:14,codecarbon,68827061-7f13-4513-ba9c-c75232dcd16d,34.54775929450989,0.0001967472678785,0.0056949357033937,47.5,14.654,5.9588727951049805,0.0004557858457167,0.0001407588455279,5.710071698971149e-05,0.0006536454082344,Germany,DEU,,,,Windows-10-10.0.19041-SP0,3.10.5,8,Intel(R) Core(TM) i7-6700K CPU @ 4.00GHz,1.0,1 x NVIDIA GeForce GTX 960,,,15.89032745361328,machine,N
2022-06-20T00:53:37,codecarbon,bb70d986-ab92-4d42-b4db-7e9981c7f8e4,127.6789321899414,0.0007329385011977,0.0057404811320583,47.5,15.219,5.9588727951049805,0.0016845340814855,0.0005393905445441,0.0002110870058564,0.0024350116318861,Germany,DEU,,,,Windows-10-10.0.19041-SP0,3.10.5,8,Intel(R) Core(TM) i7-6700K CPU @ 4.00GHz,1.0,1 x NVIDIA GeForce GTX 960,,,15.89032745361328,machine,N
2022-06-20T00:56:28,codecarbon,d174cfb4-64b7-4c9c-8661-2a41b114be44,147.9197883605957,0.0009195333926888,0.0062164325874181,47.5,15.122,5.9588727951049805,0.0019516404607229,0.0008587071359076,0.0002445806182823,0.0030549282149129,Germany,DEU,,,,Windows-10-10.0.19041-SP0,3.10.5,8,Intel(R) Core(TM) i7-6700K CPU @ 4.00GHz,1.0,1 x NVIDIA GeForce GTX 960,,,15.89032745361328,machine,N
2022-06-20T00:59:07,codecarbon,831ff0c3-572d-422b-81e1-ee72b00750e8,22.894680738449097,0.0001306710002108,0.0057074829609381,47.5,14.846,5.9588727951049805,0.0003020566905538,9.422941024574968e-05,3.783682348885464e-05,0.0004341229242884,Germany,DEU,,,,Windows-10-10.0.19041-SP0,3.10.5,8,Intel(R) Core(TM) i7-6700K CPU @ 4.00GHz,1.0,1 x NVIDIA GeForce GTX 960,,,15.89032745361328,machine,N
2022-06-20T01:06:02,codecarbon,71e8045c-6a81-44d7-bc64-1df33c35d6b6,21.68185830116272,0.0001237012844665,0.0057052897749062,47.5,14.748,5.9588727951049805,0.0002860668970478,8.906331372459731e-05,3.583751170787366e-05,0.0004109677224803,Germany,DEU,,,,Windows-10-10.0.19041-SP0,3.10.5,8,Intel(R) Core(TM) i7-6700K CPU @ 4.00GHz,1.0,1 x NVIDIA GeForce GTX 960,,,15.89032745361328,machine,N
2022-06-20T01:17:32,codecarbon,9e256624-1b7a-41bc-b535-a484878c80ba,21.26376581192017,0.0001212646019622,0.0057028751649567,47.5,14.749000000000002,5.9588727951049805,0.0002804319941335,8.73114296336969e-05,3.512900800106934e-05,0.0004028724317682,Germany,DEU,,,,Windows-10-10.0.19041-SP0,3.10.5,8,Intel(R) Core(TM) i7-6700K CPU @ 4.00GHz,1.0,1 x NVIDIA GeForce GTX 960,,,15.89032745361328,machine,N
2022-06-20T01:18:44,codecarbon,f39768bb-7796-41ff-b570-8a5049f92934,22.716793537139893,0.0001294748393831,0.0056995208928341,47.5,14.749000000000002,5.9588727951049805,0.0002996963239378,9.29053241963519e-05,3.754731991607173e-05,0.0004301489680502,Germany,DEU,,,,Windows-10-10.0.19041-SP0,3.10.5,8,Intel(R) Core(TM) i7-6700K CPU @ 4.00GHz,1.0,1 x NVIDIA GeForce GTX 960,,,15.89032745361328,machine,N
2022-06-20T01:19:33,codecarbon,b1336d5a-7f44-4d7e-907a-1bad5888d5f5,22.08172059059143,0.000125930010354,0.005702907517437,47.5,14.654,5.9588727951049805,0.0002913428609569,9.052984191921022e-05,3.649942454582629e-05,0.000418372127422,Germany,DEU,,,,Windows-10-10.0.19041-SP0,3.10.5,8,Intel(R) Core(TM) i7-6700K CPU @ 4.00GHz,1.0,1 x NVIDIA GeForce GTX 960,,,15.89032745361328,machine,N
2022-06-20T01:20:23,codecarbon,39ef5e00-680a-496d-97cd-a89a4fdde883,34.53595995903015,0.0001970873380214,0.0057067282408035,47.5,14.749000000000002,5.9588727951049805,0.0004556435863176,0.0001420455203951,5.7086102660813934e-05,0.0006547752093736,Germany,DEU,,,,Windows-10-10.0.19041-SP0,3.10.5,8,Intel(R) Core(TM) i7-6700K CPU @ 4.00GHz,1.0,1 x NVIDIA GeForce GTX 960,,,15.89032745361328,machine,N
2022-06-20T01:21:02,codecarbon,bb468e81-c973-409b-9342-09d4d83ed6dd,21.541980504989624,0.0001227811370726,0.0056996215851287,47.5,14.751,5.9588727951049805,0.0002842081472277,8.809988645997312e-05,3.560272070648921e-05,0.0004079107543942,Germany,DEU,,,,Windows-10-10.0.19041-SP0,3.10.5,8,Intel(R) Core(TM) i7-6700K CPU @ 4.00GHz,1.0,1 x NVIDIA GeForce GTX 960,,,15.89032745361328,machine,N
2022-06-20T01:21:38,codecarbon,3b18a05f-a115-44fe-90d8-d01581f84ede,22.124819040298465,0.0001261050455684,0.0056997096942931,47.5,14.750000000000002,5.9588727951049805,0.0002918984313805,9.048609623418914e-05,3.656911214758622e-05,0.0004189536397623,Germany,DEU,,,,Windows-10-10.0.19041-SP0,3.10.5,8,Intel(R) Core(TM) i7-6700K CPU @ 4.00GHz,1.0,1 x NVIDIA GeForce GTX 960,,,15.89032745361328,machine,N
2022-06-20T01:23:56,codecarbon,a44b4dea-c6ba-45d4-9b8b-3eb81fe74a5d,22.060157775878903,0.0001259120311817,0.0057076668472161,47.5,14.845,5.9588727951049805,0.0002910452241698,9.080673930194644e-05,3.646043248079082e-05,0.0004183123959526,Germany,DEU,,,,Windows-10-10.0.19041-SP0,3.10.5,8,Intel(R) Core(TM) i7-6700K CPU @ 4.00GHz,1.0,1 x NVIDIA GeForce GTX 960,,,15.89032745361328,machine,N
2022-06-20T01:24:27,codecarbon,de333fdb-63d4-43b8-b666-efb103cf179d,23.029720306396484,0.0001312562281179,0.0056994277990193,47.5,14.741,5.9588727951049805,0.000303838034802,9.416553023212488e-05,3.806363801541522e-05,0.0004360672030495,Germany,DEU,,,,Windows-10-10.0.19041-SP0,3.10.5,8,Intel(R) Core(TM) i7-6700K CPU @ 4.00GHz,1.0,1 x NVIDIA GeForce GTX 960,,,15.89032745361328,machine,N
2022-06-20T01:26:04,codecarbon,aebcc313-dfdf-4712-9104-72a385ee5870,21.95104193687439,0.0001250518150343,0.005696850992039,47.5,14.643,5.9588727951049805,0.0002896054824193,8.956427934288979e-05,3.628477323569882e-05,0.0004154545349979,Germany,DEU,,,,Windows-10-10.0.19041-SP0,3.10.5,8,Intel(R) Core(TM) i7-6700K CPU @ 4.00GHz,1.0,1 x NVIDIA GeForce GTX 960,,,15.89032745361328,machine,N
2022-06-20T01:28:26,codecarbon,b8fd90bc-c6aa-4420-b104-6219655121dd,22.343509197235107,0.0001277579917246,0.0057179018119714,47.5,14.645,5.9588727951049805,0.0002947970036003,9.271789602220058e-05,3.693025560893659e-05,0.0004244451552314,Germany,DEU,,,,Windows-10-10.0.19041-SP0,3.10.5,8,Intel(R) Core(TM) i7-6700K CPU @ 4.00GHz,1.0,1 x NVIDIA GeForce GTX 960,,,15.89032745361328,machine,N
2022-06-20T01:30:31,codecarbon,c94bfaf4-89ee-4fe9-b820-7f769894dd62,25.180699348449707,0.0001434464312123,0.0056966817810469,47.5,14.645,5.9588727951049805,0.0003322321734494,0.0001027067078735,4.162733532926552e-05,0.0004765662166522,Germany,DEU,,,,Windows-10-10.0.19041-SP0,3.10.5,8,Intel(R) Core(TM) i7-6700K CPU @ 4.00GHz,1.0,1 x NVIDIA GeForce GTX 960,,,15.89032745361328,machine,N
2022-06-20T01:31:25,codecarbon,9e19dcc6-04bd-473f-92c3-95353154ddef,22.978224992752075,0.0001311563613316,0.0057078543435353,47.5,15.029,5.9588727951049805,0.000303171744777,9.458527019619944e-05,3.797840473305655e-05,0.0004357354197063,Germany,DEU,,,,Windows-10-10.0.19041-SP0,3.10.5,8,Intel(R) Core(TM) i7-6700K CPU @ 4.00GHz,1.0,1 x NVIDIA GeForce GTX 960,,,15.89032745361328,machine,N
2022-06-20T01:31:54,codecarbon,d2371207-664e-46fd-99c4-c34cf2bd983d,22.3616042137146,0.0001277017552279,0.0057107600155813,47.5,14.741,5.9588727951049805,0.0002950489444865,9.22466775480244e-05,3.6962700981865737e-05,0.0004242583230164,Germany,DEU,,,,Windows-10-10.0.19041-SP0,3.10.5,8,Intel(R) Core(TM) i7-6700K CPU @ 4.00GHz,1.0,1 x NVIDIA GeForce GTX 960,,,15.89032745361328,machine,N
2022-06-20T01:33:13,codecarbon,f55622a8-5c6a-4207-98ea-e6bbbf301b5b,22.73448276519776,0.0001295752256562,0.0056995018094095,47.5,14.741,5.9588727951049805,0.0002999425646331,9.296496156116328e-05,3.757495106891497e-05,0.0004304824772632,Germany,DEU,,,,Windows-10-10.0.19041-SP0,3.10.5,8,Intel(R) Core(TM) i7-6700K CPU @ 4.00GHz,1.0,1 x NVIDIA GeForce GTX 960,,,15.89032745361328,machine,N
2022-06-20T01:34:01,codecarbon,fab8906c-04ed-4414-897c-49f498265649,22.358797788619995,0.0001275657300932,0.0057053930761058,47.5,14.751,5.9588727951049805,0.0002949987532363,9.185125296307936e-05,3.6956406070431176e-05,0.0004238064122699,Germany,DEU,,,,Windows-10-10.0.19041-SP0,3.10.5,8,Intel(R) Core(TM) i7-6700K CPU @ 4.00GHz,1.0,1 x NVIDIA GeForce GTX 960,,,15.89032745361328,machine,N
2022-06-20T01:35:05,codecarbon,2bfae980-c6c9-4b53-9d2a-2e5563a47838,26.17039680480957,0.0001494196315947,0.0057094904868723,47.5,14.749000000000002,5.9588727951049805,0.0003452775100866,0.0001078676995703,4.326552653804811e-05,0.0004964107361951,Germany,DEU,,,,Windows-10-10.0.19041-SP0,3.10.5,8,Intel(R) Core(TM) i7-6700K CPU @ 4.00GHz,1.0,1 x NVIDIA GeForce GTX 960,,,15.89032745361328,machine,N
2022-06-20T01:35:38,codecarbon,4339053f-e9b1-4c17-bdd8-9aad159c6928,22.518333673477173,0.0001284737455278,0.0057052954002158,47.5,14.750000000000002,5.9588727951049805,0.000297103709148,9.24988945819272e-05,3.722047111327413e-05,0.0004268230748432,Germany,DEU,,,,Windows-10-10.0.19041-SP0,3.10.5,8,Intel(R) Core(TM) i7-6700K CPU @ 4.00GHz,1.0,1 x NVIDIA GeForce GTX 960,,,15.89032745361328,machine,N
2022-06-20T01:37:37,codecarbon,749d7a40-aba5-4a05-9824-58950e176e31,22.639562606811523,0.0001290433457949,0.0056999045448044,47.5,14.750000000000002,5.9588727951049805,0.0002987032795945,9.259102134035694e-05,3.7421133599777935e-05,0.0004287154345347,Germany,DEU,,,,Windows-10-10.0.19041-SP0,3.10.5,8,Intel(R) Core(TM) i7-6700K CPU @ 4.00GHz,1.0,1 x NVIDIA GeForce GTX 960,,,15.89032745361328,machine,N
2022-06-20T01:38:30,codecarbon,c0bad4c1-2004-4652-897e-16badccab293,4.908202409744263,2.7961651522978927e-05,0.0056969230664706,47.5,14.749000000000002,5.9588727951049805,6.474783254994287e-05,2.0049354281293024e-05,8.09866540457449e-06,9.28958522358104e-05,Germany,DEU,,,,Windows-10-10.0.19041-SP0,3.10.5,8,Intel(R) Core(TM) i7-6700K CPU @ 4.00GHz,1.0,1 x NVIDIA GeForce GTX 960,,,15.89032745361328,machine,N
2022-06-20T01:39:07,codecarbon,cc434a7e-8b7b-49e4-90f9-b05061673ceb,5.029101610183716,2.865639364434619e-05,0.0056981138711371,47.5,14.750000000000002,5.9588727951049805,6.635620180103514e-05,2.0548144264353648e-05,8.299619530445738e-06,9.520396559583452e-05,Germany,DEU,,,,Windows-10-10.0.19041-SP0,3.10.5,8,Intel(R) Core(TM) i7-6700K CPU @ 4.00GHz,1.0,1 x NVIDIA GeForce GTX 960,,,15.89032745361328,machine,N
2022-06-20T08:38:48,codecarbon,a98c8f46-dabb-4ad9-bc2c-a21ae1919378,5.685726642608643,3.2711220882791454e-05,0.0057532172999058,47.5,15.416,5.9588727951049805,7.50068328446812e-05,2.4283477612601383e-05,9.384841977240511e-06,0.0001086751524345,Germany,DEU,,,,Windows-10-10.0.19041-SP0,3.10.5,8,Intel(R) Core(TM) i7-6700K CPU @ 4.00GHz,1.0,1 x NVIDIA GeForce GTX 960,,,15.89032745361328,machine,N
2022-06-20T08:46:12,codecarbon,ce7ddd5e-1657-4719-9276-b893d9bfd301,22.21674132347107,0.0001265542530294,0.0056963463357134,47.5,14.643,5.9588727951049805,0.0002931243876616,9.060367420521049e-05,3.671796148682234e-05,0.0004204460233536,Germany,DEU,,,,Windows-10-10.0.19041-SP0,3.10.5,8,Intel(R) Core(TM) i7-6700K CPU @ 4.00GHz,1.0,1 x NVIDIA GeForce GTX 960,,,15.89032745361328,machine,N
2022-06-20T08:47:07,codecarbon,a3b13f07-6f04-445e-a4f3-ae2c2fe5326d,22.803810834884644,0.0001297829694607,0.005691284250709,47.5,14.644,5.9588727951049805,0.0003008836151825,9.259527059780228e-05,3.769377023539619e-05,0.0004311726560157,Germany,DEU,,,,Windows-10-10.0.19041-SP0,3.10.5,8,Intel(R) Core(TM) i7-6700K CPU @ 4.00GHz,1.0,1 x NVIDIA GeForce GTX 960,,,15.89032745361328,machine,N
2022-06-20T08:53:21,codecarbon,964e69e8-dd5d-419f-9398-1c933213c28f,131.17971634864807,0.0007472067094204,0.0056960537057007,47.5,14.643,5.9588727951049805,0.0017307908314797,0.0005347315436887,0.0002168919418431,0.0024824143170115,Germany,DEU,,,,Windows-10-10.0.19041-SP0,3.10.5,8,Intel(R) Core(TM) i7-6700K CPU @ 4.00GHz,1.0,1 x NVIDIA GeForce GTX 960,,,15.89032745361328,machine,N
2022-06-20T09:00:23,codecarbon,6e73e56f-064d-40e3-a08f-ea758fc373ea,1.605215549468994,9.128436731447186e-06,0.0056867357997291,47.5,14.739,5.9588727951049805,2.117992738882701e-05,6.514849306941033e-06,2.632255634621288e-06,3.0327032330389325e-05,Germany,DEU,,,,Windows-10-10.0.19041-SP0,3.10.5,8,Intel(R) Core(TM) i7-6700K CPU @ 4.00GHz,1.0,1 x NVIDIA GeForce GTX 960,,,15.89032745361328,machine,N
2022-06-20T09:20:19,codecarbon,1f12d6c0-1b12-46a4-8263-f9815003a9e1,136.26018953323364,0.0007769428024611,0.0057019060748602,47.5,14.729,5.9588727951049805,0.0017976274410883,0.0005583377359471,0.0002252401467557,0.0025812053237912,Germany,DEU,,,,Windows-10-10.0.19041-SP0,3.10.5,8,Intel(R) Core(TM) i7-6700K CPU @ 4.00GHz,1.0,1 x NVIDIA GeForce GTX 960,,,15.89032745361328,machine,N
2022-06-20T09:23:51,codecarbon,3d7ad786-9fbc-4b7b-becf-848f83a5bbe3,144.40129947662354,0.000824151364047,0.0057073680571724,47.5,14.738,5.9588727951049805,0.0019052028208971,0.0005941072523858,0.0002387343255445,0.0027380443988274,Germany,DEU,,,,Windows-10-10.0.19041-SP0,3.10.5,8,Intel(R) Core(TM) i7-6700K CPU @ 4.00GHz,1.0,1 x NVIDIA GeForce GTX 960,,,15.89032745361328,machine,N
2022-06-20T09:38:03,codecarbon,23cb3878-6421-46fc-a8cd-a5033c1d938c,155.57064414024353,0.0009036564012479,0.005808656294007,47.5,14.643,5.9588727951049805,0.0020525369533234,0.0006924511582173,0.0002571926235022,0.003002180735043,Germany,DEU,,,,Windows-10-10.0.19041-SP0,3.10.5,8,Intel(R) Core(TM) i7-6700K CPU @ 4.00GHz,1.0,1 x NVIDIA GeForce GTX 960,,,15.89032745361328,machine,N
2022-06-20T10:11:13,codecarbon,72ccd3af-b9e9-4818-895d-6b23f87771aa,158.97781014442444,0.0009085258150754,0.0057147963873078,47.5,14.835,5.9588727951049805,0.0020974527302715,0.0006581465981964,0.0002627588611514,0.0030183581896195,Germany,DEU,,,,Windows-10-10.0.19041-SP0,3.10.5,8,Intel(R) Core(TM) i7-6700K CPU @ 4.00GHz,1.0,1 x NVIDIA GeForce GTX 960,,,15.89032745361328,machine,N
2022-06-20T10:19:49,codecarbon,e617e5c6-35cf-41ac-8886-574f04f87dd3,152.34224581718445,0.0008680574700511,0.0056980745255183,47.5,14.728,5.9588727951049805,0.0020099528564347,0.0006221109755851,0.0002518480286152,0.002883911860635,Germany,DEU,,,,Windows-10-10.0.19041-SP0,3.10.5,8,Intel(R) Core(TM) i7-6700K CPU @ 4.00GHz,1.0,1 x NVIDIA GeForce GTX 960,,,15.89032745361328,machine,N
2022-06-20T10:21:52,codecarbon,c9bbd661-3af8-4c61-999b-8aacd93b15c5,28.88776659965515,0.0001646355489651,0.0056991442518476,47.5,14.731000000000002,5.9588727951049805,0.0003811320566468,0.0001180681208411,4.776177920676332e-05,0.0005469619566948,Germany,DEU,,,,Windows-10-10.0.19041-SP0,3.10.5,8,Intel(R) Core(TM) i7-6700K CPU @ 4.00GHz,1.0,1 x NVIDIA GeForce GTX 960,,,15.89032745361328,machine,N
2022-06-20T10:23:10,codecarbon,ae5825e9-27a3-43df-90a4-0995310f595e,27.750243186950684,0.0001581353024923,0.0056985195202452,47.5,14.828,5.9588727951049805,0.0003661358800199,0.0001133516700851,4.5878903357973966e-05,0.000525366453463,Germany,DEU,,,,Windows-10-10.0.19041-SP0,3.10.5,8,Intel(R) Core(TM) i7-6700K CPU @ 4.00GHz,1.0,1 x NVIDIA GeForce GTX 960,,,15.89032745361328,machine,N
2022-06-20T10:24:35,codecarbon,020bb792-ed79-4399-93c2-ab504e6286e5,24.69429445266724,0.000141196025852,0.0057177590606071,47.5,15.019000000000002,5.9588727951049805,0.0003258011501696,0.0001024730249065,4.0815611807693694e-05,0.0004690897868838,Germany,DEU,,,,Windows-10-10.0.19041-SP0,3.10.5,8,Intel(R) Core(TM) i7-6700K CPU @ 4.00GHz,1.0,1 x NVIDIA GeForce GTX 960,,,15.89032745361328,machine,N
2022-06-20T10:25:08,codecarbon,c5320934-bfe4-4e91-b31b-8aabc7e23e05,24.720104217529297,0.0001406774516395,0.0056908114303072,47.5,14.643,5.9588727951049805,0.000326141730282,0.0001003652311272,4.085998755913067e-05,0.0004673669489684,Germany,DEU,,,,Windows-10-10.0.19041-SP0,3.10.5,8,Intel(R) Core(TM) i7-6700K CPU @ 4.00GHz,1.0,1 x NVIDIA GeForce GTX 960,,,15.89032745361328,machine,N
2022-06-20T10:25:50,codecarbon,4d781fe7-1185-49a8-9f27-0c770e082fc8,26.86646747589112,0.0001531735505374,0.0057012910489577,47.5,14.547,5.9588727951049805,0.0003544749536448,0.0001099928880965,4.4414385957669536e-05,0.000508882227699,Germany,DEU,,,,Windows-10-10.0.19041-SP0,3.10.5,8,Intel(R) Core(TM) i7-6700K CPU @ 4.00GHz,1.0,1 x NVIDIA GeForce GTX 960,,,15.89032745361328,machine,N
2022-06-20T10:30:02,codecarbon,5cc857ae-b1d9-4195-bdd3-56bfb5a64332,26.12993884086609,0.0001488217477736,0.0056954495255404,47.5,14.643,5.9588727951049805,0.0003447305654486,0.0001065002400939,4.319360566540808e-05,0.000494424411208,Germany,DEU,,,,Windows-10-10.0.19041-SP0,3.10.5,8,Intel(R) Core(TM) i7-6700K CPU @ 4.00GHz,1.0,1 x NVIDIA GeForce GTX 960,,,15.89032745361328,machine,N
2022-06-20T10:30:49,codecarbon,03f54960-4b0c-4173-8124-393f0682573a,26.28070044517517,0.0001501351698074,0.0057127537418837,47.5,14.739,5.9588727951049805,0.0003467329273621,0.0001086135560857,4.344145611191777e-05,0.0004987879395598,Germany,DEU,,,,Windows-10-10.0.19041-SP0,3.10.5,8,Intel(R) Core(TM) i7-6700K CPU @ 4.00GHz,1.0,1 x NVIDIA GeForce GTX 960,,,15.89032745361328,machine,N
2022-06-20T10:40:42,codecarbon,ff183c4a-8add-4654-9952-b15ed052ce28,28.32015872001648,0.0001619959582989,0.0057201642088416,47.5,14.835,5.9588727951049805,0.0003736425249112,0.0001177343813331,4.681564624372924e-05,0.0005381925524882,Germany,DEU,,,,Windows-10-10.0.19041-SP0,3.10.5,8,Intel(R) Core(TM) i7-6700K CPU @ 4.00GHz,1.0,1 x NVIDIA GeForce GTX 960,,,15.89032745361328,machine,N
2022-06-20T10:55:27,codecarbon,225fdc22-a051-4097-a1f8-4bd45a3b1848,27.047290086746216,0.0001549037459875,0.0057271447709079,47.5,15.124,5.9588727951049805,0.0003568607886632,0.0001130526054753,4.471699120211667e-05,0.0005146303853406,Germany,DEU,,,,Windows-10-10.0.19041-SP0,3.10.5,8,Intel(R) Core(TM) i7-6700K CPU @ 4.00GHz,1.0,1 x NVIDIA GeForce GTX 960,,,15.89032745361328,machine,N
2022-06-20T10:56:10,codecarbon,2ac1baeb-c535-4fe5-9f51-50856ad0aadf,26.450458765029907,0.0001512976818954,0.0057200399902141,47.5,14.932,5.9588727951049805,0.0003489859183629,0.000109936749295,4.372743830706099e-05,0.000502650105965,Germany,DEU,,,,Windows-10-10.0.19041-SP0,3.10.5,8,Intel(R) Core(TM) i7-6700K CPU @ 4.00GHz,1.0,1 x NVIDIA GeForce GTX 960,,,15.89032745361328,machine,N
2022-06-20T10:58:32,codecarbon,c8955d1e-a5ba-4bca-9824-785d3e584667,27.846475839614868,0.0001629481709787,0.0058516622324955,47.5,16.355,5.9588727951049805,0.0003674056730336,0.0001279171420805,4.603323464910886e-05,0.0005413560497633,Germany,DEU,,,,Windows-10-10.0.19041-SP0,3.10.5,8,Intel(R) Core(TM) i7-6700K CPU @ 4.00GHz,1.0,1 x NVIDIA GeForce GTX 960,,,15.89032745361328,machine,N
2022-06-20T12:46:01,codecarbon,d4a95f90-2bfb-47d3-9a49-05314bd60751,38.64140772819519,0.000222560415361,0.0057596352836454,47.5,15.123,5.9588727951049805,0.0005098387517862,0.0001656780081435,6.388661336270786e-05,0.0007394033732924,Germany,DEU,,,,Windows-10-10.0.19041-SP0,3.10.5,8,Intel(R) Core(TM) i7-6700K CPU @ 4.00GHz,1.0,1 x NVIDIA GeForce GTX 960,,,15.89032745361328,machine,N
2022-06-20T12:48:20,codecarbon,5ddc8754-ca92-4b3c-9d57-f6750b6b6586,10.30494785308838,5.8812074392011504e-05,0.005707168559265,47.5,14.837,5.9588727951049805,0.0001359548999203,4.240492816680008e-05,1.7029123381319097e-05,0.0001953889514684,Germany,DEU,,,,Windows-10-10.0.19041-SP0,3.10.5,8,Intel(R) Core(TM) i7-6700K CPU @ 4.00GHz,1.0,1 x NVIDIA GeForce GTX 960,,,15.89032745361328,machine,N
2022-06-20T12:52:56,codecarbon,e19862c0-3593-4727-8b8c-574fd2586161,9.157345533370972,5.219020813434966e-05,0.0056992725614818,47.5,14.739,5.9588727951049805,0.0001208260868986,3.743044599294663e-05,1.5132862903590194e-05,0.0001733893957951,Germany,DEU,,,,Windows-10-10.0.19041-SP0,3.10.5,8,Intel(R) Core(TM) i7-6700K CPU @ 4.00GHz,1.0,1 x NVIDIA GeForce GTX 960,,,15.89032745361328,machine,N
2022-06-20T12:59:12,codecarbon,22e1481c-74b4-4343-a5f2-3319ccd8d278,6.038357019424439,3.439924864018886e-05,0.0056967894626852,47.5,14.739,5.9588727951049805,7.96596293648084e-05,2.465670795738697e-05,9.966880751521785e-06,0.0001142832180737,Germany,DEU,,,,Windows-10-10.0.19041-SP0,3.10.5,8,Intel(R) Core(TM) i7-6700K CPU @ 4.00GHz,1.0,1 x NVIDIA GeForce GTX 960,,,15.89032745361328,machine,N
2022-06-20T12:59:33,codecarbon,dd78e3b6-6972-4807-9f55-12101205333b,5.983272314071655,3.4089603290402164e-05,0.0056974848378919,47.5,14.739,5.9588727951049805,7.8945954144001e-05,2.443118687351545e-05,9.877354963886091e-06,0.0001132544959814,Germany,DEU,,,,Windows-10-10.0.19041-SP0,3.10.5,8,Intel(R) Core(TM) i7-6700K CPU @ 4.00GHz,1.0,1 x NVIDIA GeForce GTX 960,,,15.89032745361328,machine,N
2022-06-20T12:59:48,codecarbon,13ffea82-a1ae-43cd-885b-e7a0b2bcba5d,6.033616065979004,3.437270361316304e-05,0.0056968662303483,47.5,14.739,5.9588727951049805,7.959704680575265e-05,2.463729770382245e-05,9.960684105584506e-06,0.0001141950286151,Germany,DEU,,,,Windows-10-10.0.19041-SP0,3.10.5,8,Intel(R) Core(TM) i7-6700K CPU @ 4.00GHz,1.0,1 x NVIDIA GeForce GTX 960,,,15.89032745361328,machine,N
2022-06-20T13:00:06,codecarbon,f0c1ca62-52ff-43c2-a4ee-4cb69536c725,5.674271106719971,3.2331097696548625e-05,0.0056978415532982,47.5,14.739,5.9588727951049805,7.486885488033295e-05,2.317424679100513e-05,9.369183034803542e-06,0.0001074122847061,Germany,DEU,,,,Windows-10-10.0.19041-SP0,3.10.5,8,Intel(R) Core(TM) i7-6700K CPU @ 4.00GHz,1.0,1 x NVIDIA GeForce GTX 960,,,15.89032745361328,machine,N
2022-06-20T13:00:31,codecarbon,a7c15b6f-5484-4e48-b72f-563c0800f700,5.87613320350647,3.3526953877043607e-05,0.0057056150219734,47.5,14.835,5.9588727951049805,7.753231310182148e-05,2.41529059112072e-05,9.700009814358738e-06,0.0001113852288273,Germany,DEU,,,,Windows-10-10.0.19041-SP0,3.10.5,8,Intel(R) Core(TM) i7-6700K CPU @ 4.00GHz,1.0,1 x NVIDIA GeForce GTX 960,,,15.89032745361328,machine,N
2022-06-20T13:00:55,codecarbon,d4360f4c-805c-461f-86e2-7bb4c550853b,5.602632522583008,3.191519592909826e-05,0.0056964642604088,47.5,14.739,5.9588727951049805,7.391046467754577e-05,2.287278315107028e-05,9.247303430846614e-06,0.0001060305512594,Germany,DEU,,,,Windows-10-10.0.19041-SP0,3.10.5,8,Intel(R) Core(TM) i7-6700K CPU @ 4.00GHz,1.0,1 x NVIDIA GeForce GTX 960,,,15.89032745361328,machine,N
2022-06-20T13:01:12,codecarbon,95c8b2d2-3e56-4ccf-b7e6-a3b0b15594b2,5.978069067001343,3.406460974360006e-05,0.0056982629945905,47.5,14.739,5.9588727951049805,7.887730018960105e-05,2.442212159693241e-05,9.872039155659422e-06,0.0001131714609421,Germany,DEU,,,,Windows-10-10.0.19041-SP0,3.10.5,8,Intel(R) Core(TM) i7-6700K CPU @ 4.00GHz,1.0,1 x NVIDIA GeForce GTX 960,,,15.89032745361328,machine,N
2022-06-20T13:01:33,codecarbon,d7a92b6d-c8e3-445d-af58-2cb41378aa92,6.352785587310791,3.61960947720246e-05,0.005697672977398,47.5,14.739,5.9588727951049805,8.380832076072693e-05,2.595219718416532e-05,1.0492288606684496e-05,0.0001202528065515,Germany,DEU,,,,Windows-10-10.0.19041-SP0,3.10.5,8,Intel(R) Core(TM) i7-6700K CPU @ 4.00GHz,1.0,1 x NVIDIA GeForce GTX 960,,,15.89032745361328,machine,N
2022-06-20T13:02:12,codecarbon,aa8af7ca-8c59-444b-8c40-e51fe2d81cb5,6.422054052352905,3.659453329804287e-05,0.0056982599336166,47.5,14.739,5.9588727951049805,8.473543541298973e-05,2.623579284866651e-05,1.0605294323203792e-05,0.0001215765225848,Germany,DEU,,,,Windows-10-10.0.19041-SP0,3.10.5,8,Intel(R) Core(TM) i7-6700K CPU @ 4.00GHz,1.0,1 x NVIDIA GeForce GTX 960,,,15.89032745361328,machine,N
2022-06-20T13:02:49,codecarbon,a9c50d13-2f9e-4675-a396-c5555e830b57,6.097538232803345,3.473669748820211e-05,0.0056968396362529,47.5,14.739,5.9588727951049805,8.044046743048562e-05,2.489900473237038e-05,1.0064838429177598e-05,0.000115404310592,Germany,DEU,,,,Windows-10-10.0.19041-SP0,3.10.5,8,Intel(R) Core(TM) i7-6700K CPU @ 4.00GHz,1.0,1 x NVIDIA GeForce GTX 960,,,15.89032745361328,machine,N
2022-06-20T13:03:06,codecarbon,7ecf5871-29ed-4003-80bc-13f56dc6adeb,6.405711650848389,3.649393323221014e-05,0.005697092723082,47.5,14.739,5.9588727951049805,8.45066476199362e-05,2.616071611583233e-05,1.0574939361275142e-05,0.000121242303097,Germany,DEU,,,,Windows-10-10.0.19041-SP0,3.10.5,8,Intel(R) Core(TM) i7-6700K CPU @ 4.00GHz,1.0,1 x NVIDIA GeForce GTX 960,,,15.89032745361328,machine,N
2022-06-20T13:03:51,codecarbon,14803a83-9c23-4518-8461-336bc33942d5,5.818394899368286,3.319390166085237e-05,0.005704992912127,47.5,14.835,5.9588727951049805,7.675766911771563e-05,2.391498384277025e-05,9.606090098824324e-06,0.0001102787430593,Germany,DEU,,,,Windows-10-10.0.19041-SP0,3.10.5,8,Intel(R) Core(TM) i7-6700K CPU @ 4.00GHz,1.0,1 x NVIDIA GeForce GTX 960,,,15.89032745361328,machine,N
2022-06-20T13:10:03,codecarbon,87a05fce-fbdb-4b68-afc4-64fd5527a122,6.723987340927124,3.830926457934018e-05,0.0056974028410437,47.5,14.739,5.9588727951049805,8.870609965589312e-05,2.746378983696302e-05,1.1103414757443488e-05,0.0001272733042502,Germany,DEU,,,,Windows-10-10.0.19041-SP0,3.10.5,8,Intel(R) Core(TM) i7-6700K CPU @ 4.00GHz,1.0,1 x NVIDIA GeForce GTX 960,,,15.89032745361328,machine,N
2022-06-20T13:11:35,codecarbon,775fa99f-30b9-43e7-9402-a731e17233bc,6.642148494720459,3.784211825031779e-05,0.005697270737081,47.5,14.739,5.9588727951049805,8.762629098362392e-05,2.7128732841412227e-05,1.0966299265720637e-05,0.0001257213230907,Germany,DEU,,,,Windows-10-10.0.19041-SP0,3.10.5,8,Intel(R) Core(TM) i7-6700K CPU @ 4.00GHz,1.0,1 x NVIDIA GeForce GTX 960,,,15.89032745361328,machine,N
2022-06-20T13:12:15,codecarbon,4701982d-af0e-4cae-a58b-c0c8c44920c7,7.754672288894653,4.424548131443486e-05,0.0057056545610313,47.5,14.835,5.9588727951049805,0.0001023185927006,3.187351554532846e-05,1.2802846286984391e-05,0.000146994954533,Germany,DEU,,,,Windows-10-10.0.19041-SP0,3.10.5,8,Intel(R) Core(TM) i7-6700K CPU @ 4.00GHz,1.0,1 x NVIDIA GeForce GTX 960,,,15.89032745361328,machine,N
2022-06-20T13:12:38,codecarbon,d9e41df7-77dc-41dc-bedb-6d1bcb579c91,8.673370599746704,4.9424819190549264e-05,0.0056984558220068,47.5,14.739,5.9588727951049805,0.0001144271822439,3.544479608774185e-05,1.4330078779787528e-05,0.0001642020571114,Germany,DEU,,,,Windows-10-10.0.19041-SP0,3.10.5,8,Intel(R) Core(TM) i7-6700K CPU @ 4.00GHz,1.0,1 x NVIDIA GeForce GTX 960,,,15.89032745361328,machine,N
2022-06-20T13:13:10,codecarbon,041a416d-ef03-4711-afdc-5fa5703f4e96,9.705403089523315,5.5307369568051737e-05,0.0056986164364213,47.5,14.739,5.9588727951049805,0.0001280442178249,3.966611772954464e-05,1.6035078292867413e-05,0.0001837454138473,Germany,DEU,,,,Windows-10-10.0.19041-SP0,3.10.5,8,Intel(R) Core(TM) i7-6700K CPU @ 4.00GHz,1.0,1 x NVIDIA GeForce GTX 960,,,15.89032745361328,machine,N
2022-06-20T13:16:10,codecarbon,edce8b53-b78d-46a0-a006-eb2c3c731590,6.431183099746704,3.658999431613054e-05,0.0056894654915938,47.5,14.643,5.9588727951049805,8.484305640061697e-05,2.609798337340355e-05,1.0620403136712186e-05,0.0001215614429107,Germany,DEU,,,,Windows-10-10.0.19041-SP0,3.10.5,8,Intel(R) Core(TM) i7-6700K CPU @ 4.00GHz,1.0,1 x NVIDIA GeForce GTX 960,,,15.89032745361328,machine,N
2022-06-20T13:16:36,codecarbon,1565b415-b659-46e7-935b-7064529bf535,6.200777530670166,3.5377255942482286e-05,0.0057052935325449,47.5,14.835,5.9588727951049805,8.180265575647354e-05,2.549072679579258e-05,1.0239029216778022e-05,0.000117532411769,Germany,DEU,,,,Windows-10-10.0.19041-SP0,3.10.5,8,Intel(R) Core(TM) i7-6700K CPU @ 4.00GHz,1.0,1 x NVIDIA GeForce GTX 960,,,15.89032745361328,machine,N
2022-06-20T13:16:52,codecarbon,c0d4eb28-2da5-4a50-957d-659dc4d9d1c3,6.235225677490234,3.552382848496349e-05,0.0056972803106723,47.5,14.731000000000002,5.9588727951049805,8.227033880021837e-05,2.5452978448205524e-05,1.0296046488996352e-05,0.0001180193637374,Germany,DEU,,,,Windows-10-10.0.19041-SP0,3.10.5,8,Intel(R) Core(TM) i7-6700K CPU @ 4.00GHz,1.0,1 x NVIDIA GeForce GTX 960,,,15.89032745361328,machine,N
2022-06-20T13:17:12,codecarbon,4d93f7ce-38d3-4d3e-9497-c41ec3bfb772,5.975542545318604,3.404279238462107e-05,0.0056970211702853,47.5,14.739,5.9588727951049805,7.8830795817905e-05,2.4403621092240016e-05,9.864561111851912e-06,0.0001130989780219,Germany,DEU,,,,Windows-10-10.0.19041-SP0,3.10.5,8,Intel(R) Core(TM) i7-6700K CPU @ 4.00GHz,1.0,1 x NVIDIA GeForce GTX 960,,,15.89032745361328,machine,N
2022-06-20T13:17:38,codecarbon,a31cd23e-7055-4306-b9e0-a5070cabc315,6.814667463302612,3.893720568273111e-05,0.0057137352471577,47.5,14.924,5.9588727951049805,8.991575125190947e-05,2.8188569782839883e-05,1.1255166283294215e-05,0.000129359487318,Germany,DEU,,,,Windows-10-10.0.19041-SP0,3.10.5,8,Intel(R) Core(TM) i7-6700K CPU @ 4.00GHz,1.0,1 x NVIDIA GeForce GTX 960,,,15.89032745361328,machine,N
2022-06-20T13:18:33,codecarbon,45e0bbba-19c8-4b75-8d41-97a20b972ea5,7.692396879196167,4.382949586753721e-05,0.0056977684011692,47.5,14.739,5.9588727951049805,0.0001014837034874,3.142452699442705e-05,1.2704712599642675e-05,0.0001456129430815,Germany,DEU,,,,Windows-10-10.0.19041-SP0,3.10.5,8,Intel(R) Core(TM) i7-6700K CPU @ 4.00GHz,1.0,1 x NVIDIA GeForce GTX 960,,,15.89032745361328,machine,N
2022-06-20T13:19:04,codecarbon,398b61a0-00d9-40ed-9b03-2993c00c11aa,8.059174537658691,4.592041769003047e-05,0.0056979058432665,47.5,14.739,5.9588727951049805,0.0001063231749667,3.292618171453476e-05,1.3310170528162642e-05,0.0001525595272094,Germany,DEU,,,,Windows-10-10.0.19041-SP0,3.10.5,8,Intel(R) Core(TM) i7-6700K CPU @ 4.00GHz,1.0,1 x NVIDIA GeForce GTX 960,,,15.89032745361328,machine,N
2022-06-20T13:20:53,codecarbon,7bb173c6-f0d1-4da1-9a60-f2b207da61bd,7.186229944229126,4.088277802691161e-05,0.0056890439554807,47.5,14.636,5.9588727951049805,9.480515287982092e-05,2.915113961935044e-05,1.1866890314488504e-05,0.0001358231828136,Germany,DEU,,,,Windows-10-10.0.19041-SP0,3.10.5,8,Intel(R) Core(TM) i7-6700K CPU @ 4.00GHz,1.0,1 x NVIDIA GeForce GTX 960,,,15.89032745361328,machine,N
2022-06-20T13:21:11,codecarbon,3be3bff6-1b66-42a4-af79-c0d9d57b2268,7.279159784317017,4.147174780390259e-05,0.0056973262069687,47.5,14.732000000000005,5.9588727951049805,9.60309613082144e-05,2.9726614205572344e-05,1.202231752243449e-05,0.0001377798930362,Germany,DEU,,,,Windows-10-10.0.19041-SP0,3.10.5,8,Intel(R) Core(TM) i7-6700K CPU @ 4.00GHz,1.0,1 x NVIDIA GeForce GTX 960,,,15.89032745361328,machine,N
2022-06-20T13:21:34,codecarbon,80edaff3-8f0b-4620-8b1a-2daad24a6f82,7.652966737747192,4.360640549854385e-05,0.005697974000522,47.5,14.739,5.9588727951049805,0.0001009634918636,3.126718631744385e-05,1.2641100883811306e-05,0.0001448717790649,Germany,DEU,,,,Windows-10-10.0.19041-SP0,3.10.5,8,Intel(R) Core(TM) i7-6700K CPU @ 4.00GHz,1.0,1 x NVIDIA GeForce GTX 960,,,15.89032745361328,machine,N
2022-06-20T13:21:54,codecarbon,a17b7a81-f4a5-42c6-9fcd-449d4617256d,7.666222095489502,4.367700800481157e-05,0.0056973314183669,47.5,14.732000000000005,5.9588727951049805,0.0001011383669243,3.130658142354754e-05,1.2661390538477804e-05,0.0001451063388864,Germany,DEU,,,,Windows-10-10.0.19041-SP0,3.10.5,8,Intel(R) Core(TM) i7-6700K CPU @ 4.00GHz,1.0,1 x NVIDIA GeForce GTX 960,,,15.89032745361328,machine,N
2022-06-20T13:22:20,codecarbon,33bc8665-0bd3-4bbc-afb8-4b9651211ce8,7.302096843719482,4.160520896891341e-05,0.0056977070914497,47.5,14.739,5.9588727951049805,9.633393966489368e-05,2.983067137360573e-05,1.2058674572508608e-05,0.000138223285611,Germany,DEU,,,,Windows-10-10.0.19041-SP0,3.10.5,8,Intel(R) Core(TM) i7-6700K CPU @ 4.00GHz,1.0,1 x NVIDIA GeForce GTX 960,,,15.89032745361328,machine,N
2022-06-20T13:22:50,codecarbon,b9392517-39d3-4ca6-8973-ca61d6d7a704,8.182531595230103,4.66178041484244e-05,0.0056972348479044,47.5,14.732000000000005,5.9588727951049805,0.0001079507996638,3.341126931826274e-05,1.351435676014944e-05,0.0001548764257422,Germany,DEU,,,,Windows-10-10.0.19041-SP0,3.10.5,8,Intel(R) Core(TM) i7-6700K CPU @ 4.00GHz,1.0,1 x NVIDIA GeForce GTX 960,,,15.89032745361328,machine,N
2022-06-20T13:23:19,codecarbon,82be8dca-1b86-4dcf-8392-1d1fe165ee5c,6.941659927368164,3.955169307489189e-05,0.0056977284235655,47.5,14.739,5.9588727951049805,9.157819052537282e-05,2.83590647216638e-05,1.1463718423700584e-05,0.0001314009736707,Germany,DEU,,,,Windows-10-10.0.19041-SP0,3.10.5,8,Intel(R) Core(TM) i7-6700K CPU @ 4.00GHz,1.0,1 x NVIDIA GeForce GTX 960,,,15.89032745361328,machine,N
2022-06-20T13:23:40,codecarbon,398739ed-5dba-4b30-9d29-4e35c44fbdc8,7.333838939666748,4.178843310572032e-05,0.0056980298380563,47.5,14.739,5.9588727951049805,9.675277471542358e-05,2.996470998505752e-05,1.211451897300833e-05,0.0001388320036734,Germany,DEU,,,,Windows-10-10.0.19041-SP0,3.10.5,8,Intel(R) Core(TM) i7-6700K CPU @ 4.00GHz,1.0,1 x NVIDIA GeForce GTX 960,,,15.89032745361328,machine,N
2022-06-20T13:24:01,codecarbon,43ced8a5-67f9-4bf7-8a34-67334f848d9a,6.724733352661133,3.83096034468654e-05,0.0056968211879665,47.5,14.732000000000005,5.9588727951049805,8.871597432427936e-05,2.745380417082045e-05,1.1104651560931416e-05,0.000127274430056,Germany,DEU,,,,Windows-10-10.0.19041-SP0,3.10.5,8,Intel(R) Core(TM) i7-6700K CPU @ 4.00GHz,1.0,1 x NVIDIA GeForce GTX 960,,,15.89032745361328,machine,N
2022-06-20T13:24:23,codecarbon,494b96c0-d217-4c54-b5e0-0add1357190e,6.517419099807739,3.70792404087202e-05,0.0056892521166567,47.5,14.643,5.9588727951049805,8.599372423357434e-05,2.6436578690409664e-05,1.0756542287711e-05,0.0001231868452116,Germany,DEU,,,,Windows-10-10.0.19041-SP0,3.10.5,8,Intel(R) Core(TM) i7-6700K CPU @ 4.00GHz,1.0,1 x NVIDIA GeForce GTX 960,,,15.89032745361328,machine,N
2022-06-20T13:26:10,codecarbon,c646bf75-a433-411b-892d-5c2ddc46a991,6.606427192687988,3.7640160574830897e-05,0.0056975063036327,47.5,14.739,5.9588727951049805,8.715498083167605e-05,2.698656310538451e-05,1.0908823421181638e-05,0.0001250503673582,Germany,DEU,,,,Windows-10-10.0.19041-SP0,3.10.5,8,Intel(R) Core(TM) i7-6700K CPU @ 4.00GHz,1.0,1 x NVIDIA GeForce GTX 960,,,15.89032745361328,machine,N
2022-06-20T13:26:38,codecarbon,e722d014-46a5-4fe0-bbf9-41034a070b3f,6.914963722229004,3.939377575985967e-05,0.0056968882762498,47.5,14.739,5.9588727951049805,9.121277431646982e-05,2.82456809236606e-05,1.14178761879748e-05,0.0001308763314281,Germany,DEU,,,,Windows-10-10.0.19041-SP0,3.10.5,8,Intel(R) Core(TM) i7-6700K CPU @ 4.00GHz,1.0,1 x NVIDIA GeForce GTX 960,,,15.89032745361328,machine,N
2022-06-20T13:27:23,codecarbon,994db617-a60f-4c02-b24e-1944af95b68d,3.8608438968658447,2.197633225296764e-05,0.0056921058815166,47.5,14.731000000000002,5.9588727951049805,5.091537882884344e-05,1.5733125536176896e-05,6.362566242845561e-06,7.30110706078659e-05,Germany,DEU,,,,Windows-10-10.0.19041-SP0,3.10.5,8,Intel(R) Core(TM) i7-6700K CPU @ 4.00GHz,1.0,1 x NVIDIA GeForce GTX 960,,,15.89032745361328,machine,N
2022-06-20T13:27:44,codecarbon,a2587b18-0d71-4863-8aab-757910a03b8a,6.395997524261475,3.6437311873155065e-05,0.0056968927418967,47.5,14.739,5.9588727951049805,8.437847197055817e-05,2.6116859777768453e-05,1.0558860521291535e-05,0.0001210541922696,Germany,DEU,,,,Windows-10-10.0.19041-SP0,3.10.5,8,Intel(R) Core(TM) i7-6700K CPU @ 4.00GHz,1.0,1 x NVIDIA GeForce GTX 960,,,15.89032745361328,machine,N
2022-06-20T13:28:42,codecarbon,92249ede-eb00-4d72-a2eb-d27391be4791,6.11735725402832,3.485232456309357e-05,0.0056972844834496,47.5,14.732000000000005,5.9588727951049805,8.071513043509589e-05,2.497237325006061e-05,1.0100950012828777e-05,0.0001157884536979,Germany,DEU,,,,Windows-10-10.0.19041-SP0,3.10.5,8,Intel(R) Core(TM) i7-6700K CPU @ 4.00GHz,1.0,1 x NVIDIA GeForce GTX 960,,,15.89032745361328,machine,N
2022-06-20T13:29:49,codecarbon,c11ac644-8776-4fb1-93ea-8f764b7c9780,6.489283084869385,3.696717308838354e-05,0.0056966497847161,47.5,14.732000000000005,5.9588727951049805,8.56093231174681e-05,2.649028349876404e-05,1.0714921916603545e-05,0.0001228145285328,Germany,DEU,,,,Windows-10-10.0.19041-SP0,3.10.5,8,Intel(R) Core(TM) i7-6700K CPU @ 4.00GHz,1.0,1 x NVIDIA GeForce GTX 960,,,15.89032745361328,machine,N
2022-06-20T13:30:12,codecarbon,f71a50de-d387-4577-b26f-a0f7060470b4,5.646686553955078,3.212186242240047e-05,0.0056886214801318,47.5,14.636,5.9588727951049805,7.450489203135173e-05,2.2892038497394983e-05,9.32022037623824e-06,0.0001067171509049,Germany,DEU,,,,Windows-10-10.0.19041-SP0,3.10.5,8,Intel(R) Core(TM) i7-6700K CPU @ 4.00GHz,1.0,1 x NVIDIA GeForce GTX 960,,,15.89032745361328,machine,N
2022-06-20T13:30:37,codecarbon,4d36b6b1-fcf5-441a-86d4-e8ca40c844a2,8.677382230758667,4.944265488166199e-05,0.0056978767981895,47.5,14.732000000000005,5.9588727951049805,0.0001144800757368,3.544447730196848e-05,1.4336758860400211e-05,0.0001642613118992,Germany,DEU,,,,Windows-10-10.0.19041-SP0,3.10.5,8,Intel(R) Core(TM) i7-6700K CPU @ 4.00GHz,1.0,1 x NVIDIA GeForce GTX 960,,,15.89032745361328,machine,N
2022-06-20T13:30:50,codecarbon,7e5929de-53ca-4985-bdca-2448fae711b2,5.489152193069458,3.127232582209193e-05,0.0056971140027008,47.5,14.732000000000005,5.9588727951049805,7.242631365855535e-05,2.240569095187717e-05,9.062765562630376e-06,0.000103894770173,Germany,DEU,,,,Windows-10-10.0.19041-SP0,3.10.5,8,Intel(R) Core(TM) i7-6700K CPU @ 4.00GHz,1.0,1 x NVIDIA GeForce GTX 960,,,15.89032745361328,machine,N
2022-06-20T13:31:10,codecarbon,1d33a4ca-c9fb-4bdd-bf7e-826fd6f6039d,6.267153978347778,3.5706389892902794e-05,0.0056973851314749,47.5,14.732000000000005,5.9588727951049805,8.269161499208875e-05,2.5585367904504143e-05,1.0348897146273544e-05,0.0001186258800428,Germany,DEU,,,,Windows-10-10.0.19041-SP0,3.10.5,8,Intel(R) Core(TM) i7-6700K CPU @ 4.00GHz,1.0,1 x NVIDIA GeForce GTX 960,,,15.89032745361328,machine,N
2022-06-20T13:31:55,codecarbon,efd72202-13ef-4c98-9a2e-018f56d7df4c,6.391561269760132,3.635845546991111e-05,0.00568850926016,47.5,14.633000000000004,5.9588727951049805,8.4319925473796e-05,2.5919115585154963e-05,1.0553169804541085e-05,0.0001207922108634,Germany,DEU,,,,Windows-10-10.0.19041-SP0,3.10.5,8,Intel(R) Core(TM) i7-6700K CPU @ 4.00GHz,1.0,1 x NVIDIA GeForce GTX 960,,,15.89032745361328,machine,N
2022-06-20T13:32:15,codecarbon,ee4e0bca-43bf-4a56-8fca-e8def3ed5c0d,6.387231588363648,3.639275390512921e-05,0.0056977351457601,47.5,14.732000000000005,5.9588727951049805,8.42759723464648e-05,2.6080867510106832e-05,1.0549319296681571e-05,0.0001209061591532,Germany,DEU,,,,Windows-10-10.0.19041-SP0,3.10.5,8,Intel(R) Core(TM) i7-6700K CPU @ 4.00GHz,1.0,1 x NVIDIA GeForce GTX 960,,,15.89032745361328,machine,N
2022-06-20T13:32:35,codecarbon,9a9d5aa2-47d9-4fb8-84d7-faebfa336d61,5.892991781234741,3.344452500170398e-05,0.0056753048779403,47.5,14.739,5.9588727951049805,7.746525406837463e-05,2.395947817881902e-05,9.68664649600896e-06,0.0001111113787432,Germany,DEU,,,,Windows-10-10.0.19041-SP0,3.10.5,8,Intel(R) Core(TM) i7-6700K CPU @ 4.00GHz,1.0,1 x NVIDIA GeForce GTX 960,,,15.89032745361328,machine,N
2022-06-20T13:32:51,codecarbon,76442441-35ca-4355-bde2-a82f3ca68d93,6.327922344207764,3.6052692411326646e-05,0.0056973980479275,47.5,14.739,5.9588727951049805,8.348059753576915e-05,2.584631002922853e-05,1.0449479183595828e-05,0.0001197763867485,Germany,DEU,,,,Windows-10-10.0.19041-SP0,3.10.5,8,Intel(R) Core(TM) i7-6700K CPU @ 4.00GHz,1.0,1 x NVIDIA GeForce GTX 960,,,15.89032745361328,machine,N
2022-06-20T13:33:03,codecarbon,a837dc6c-b8c1-44ee-b662-86b6cecabb16,6.041840314865112,3.4415792648879274e-05,0.0056962433390045,47.5,14.729,5.9588727951049805,7.970557063817977e-05,2.4658312898874284e-05,9.974298020684389e-06,0.0001143381815577,Germany,DEU,,,,Windows-10-10.0.19041-SP0,3.10.5,8,Intel(R) Core(TM) i7-6700K CPU @ 4.00GHz,1.0,1 x NVIDIA GeForce GTX 960,,,15.89032745361328,machine,N
2022-06-20T13:33:28,codecarbon,fdf3094a-ad80-4d34-90be-02c5eea893c3,6.940704345703125,3.933156790079891e-05,0.0056667977688962,47.5,14.636,5.9588727951049805,9.121027969651752e-05,2.804346943616867e-05,1.1415911667310185e-05,0.0001306696607999,Germany,DEU,,,,Windows-10-10.0.19041-SP0,3.10.5,8,Intel(R) Core(TM) i7-6700K CPU @ 4.00GHz,1.0,1 x NVIDIA GeForce GTX 960,,,15.89032745361328,machine,N
2022-06-20T13:33:58,codecarbon,2ecf2d7d-918b-4223-a416-544af6033411,6.443870544433594,3.676901136428718e-05,0.0057060443891209,47.5,14.828,5.9588727951049805,8.502329190572103e-05,2.6488184559080337e-05,1.0644707469707556e-05,0.0001221561839345,Germany,DEU,,,,Windows-10-10.0.19041-SP0,3.10.5,8,Intel(R) Core(TM) i7-6700K CPU @ 4.00GHz,1.0,1 x NVIDIA GeForce GTX 960,,,15.89032745361328,machine,N
2022-06-20T13:34:25,codecarbon,c063c7fb-1df7-4934-9eda-3277d5fd3941,6.206991910934448,3.5406887273798514e-05,0.0057043553112135,47.5,14.828,5.9588727951049805,8.188465105162727e-05,2.5500191297266225e-05,1.024601238133414e-05,0.0001176308547302,Germany,DEU,,,,Windows-10-10.0.19041-SP0,3.10.5,8,Intel(R) Core(TM) i7-6700K CPU @ 4.00GHz,1.0,1 x NVIDIA GeForce GTX 960,,,15.89032745361328,machine,N
2022-06-20T13:34:37,codecarbon,96289a92-480c-4b53-a5d4-edb8382fd792,6.641990423202515,3.778525442956651e-05,0.0056888450633067,47.5,14.634,5.9588727951049805,8.762419588036008e-05,2.693887168049813e-05,1.0969339181887678e-05,0.0001255324067427,Germany,DEU,,,,Windows-10-10.0.19041-SP0,3.10.5,8,Intel(R) Core(TM) i7-6700K CPU @ 4.00GHz,1.0,1 x NVIDIA GeForce GTX 960,,,15.89032745361328,machine,N
2022-06-20T13:34:53,codecarbon,3f4c2004-7d08-4558-bcd9-5d56ec547153,7.055919647216797,4.020132686836725e-05,0.0056975318425323,47.5,14.732000000000005,5.9588727951049805,9.309893978966609e-05,2.880909208509657e-05,1.1651193601540514e-05,0.0001335592254763,Germany,DEU,,,,Windows-10-10.0.19041-SP0,3.10.5,8,Intel(R) Core(TM) i7-6700K CPU @ 4.00GHz,1.0,1 x NVIDIA GeForce GTX 960,,,15.89032745361328,machine,N
2022-06-20T13:35:31,codecarbon,1dc90afb-261e-4de4-8357-50d9cdb66d5f,6.527977466583252,3.719457113838863e-05,0.0056977174521186,47.5,14.739,5.9588727951049805,8.611987713310453e-05,2.666945998430252e-05,1.0780666664614956e-05,0.000123570003782,Germany,DEU,,,,Windows-10-10.0.19041-SP0,3.10.5,8,Intel(R) Core(TM) i7-6700K CPU @ 4.00GHz,1.0,1 x NVIDIA GeForce GTX 960,,,15.89032745361328,machine,N
2022-06-20T13:36:05,codecarbon,8ce466ab-9953-47a7-873f-5399ee68e6f0,6.724656820297241,3.830916449974203e-05,0.0056968207484004,47.5,14.732000000000005,5.9588727951049805,8.871496137645509e-05,2.7453487080732985e-05,1.1104523302752228e-05,0.0001272729717599,Germany,DEU,,,,Windows-10-10.0.19041-SP0,3.10.5,8,Intel(R) Core(TM) i7-6700K CPU @ 4.00GHz,1.0,1 x NVIDIA GeForce GTX 960,,,15.89032745361328,machine,N
2022-06-20T13:36:20,codecarbon,55db654f-d24c-4614-b655-0d8c976c7319,6.171039342880249,3.5150654439579216e-05,0.005696067143071,47.5,14.729,5.9588727951049805,8.141025172339545e-05,2.518283015151819e-05,1.0186500980831284e-05,0.0001167795828557,Germany,DEU,,,,Windows-10-10.0.19041-SP0,3.10.5,8,Intel(R) Core(TM) i7-6700K CPU @ 4.00GHz,1.0,1 x NVIDIA GeForce GTX 960,,,15.89032745361328,machine,N
2022-06-20T13:36:34,codecarbon,2d7b6d11-1f53-41cd-bd30-01633594f1d8,5.948114156723023,3.383926807103529e-05,0.0056890750882424,47.5,14.643,5.9588727951049805,7.846890605158275e-05,2.413310335695744e-05,9.820808103204969e-06,0.0001124228175117,Germany,DEU,,,,Windows-10-10.0.19041-SP0,3.10.5,8,Intel(R) Core(TM) i7-6700K CPU @ 4.00GHz,1.0,1 x NVIDIA GeForce GTX 960,,,15.89032745361328,machine,N
2022-06-20T13:36:48,codecarbon,f828a015-c9c6-4c3e-9ad8-f17e55eab6e2,6.0979392528533936,3.4696343842227315e-05,0.0056898474063991,47.5,14.643,5.9588727951049805,8.045892069737116e-05,2.4742518875002864e-05,1.006880575064031e-05,0.000115270245323,Germany,DEU,,,,Windows-10-10.0.19041-SP0,3.10.5,8,Intel(R) Core(TM) i7-6700K CPU @ 4.00GHz,1.0,1 x NVIDIA GeForce GTX 960,,,15.89032745361328,machine,N
2022-06-20T13:37:23,codecarbon,92829f10-0280-409e-8514-8c90a5334dba,6.297110080718994,3.593074356569544e-05,0.0057059100293817,47.5,14.835,5.9588727951049805,8.308686912059783e-05,2.588758321106434e-05,1.0396788750382484e-05,0.000119371241082,Germany,DEU,,,,Windows-10-10.0.19041-SP0,3.10.5,8,Intel(R) Core(TM) i7-6700K CPU @ 4.00GHz,1.0,1 x NVIDIA GeForce GTX 960,,,15.89032745361328,machine,N
2022-06-20T13:37:38,codecarbon,bc20f7f4-8c94-4fb8-9f09-a969eb4c250b,6.290233612060547,3.583941135596508e-05,0.0056976280320095,47.5,14.739,5.9588727951049805,8.298296017779244e-05,2.569610092441241e-05,1.038875071163261e-05,0.0001190678118138,Germany,DEU,,,,Windows-10-10.0.19041-SP0,3.10.5,8,Intel(R) Core(TM) i7-6700K CPU @ 4.00GHz,1.0,1 x NVIDIA GeForce GTX 960,,,15.89032745361328,machine,N
2022-06-20T13:38:10,codecarbon,081871a5-dc66-4688-bc38-7c4a78a6cea4,6.221258401870728,3.544422058723696e-05,0.0056972751005775,47.5,14.732000000000005,5.9588727951049805,8.208604835801654e-05,2.53975588605139e-05,1.0271278453353147e-05,0.0001177548856718,Germany,DEU,,,,Windows-10-10.0.19041-SP0,3.10.5,8,Intel(R) Core(TM) i7-6700K CPU @ 4.00GHz,1.0,1 x NVIDIA GeForce GTX 960,,,15.89032745361328,machine,N
2022-06-20T13:48:59,codecarbon,1b04ca21-9f58-46a1-a8c1-7681b3426f47,6.240816116333008,3.5602406287166056e-05,0.0057047677136312,47.5,14.835,5.9588727951049805,8.233092692163255e-05,2.5647493784626327e-05,1.0301998852432349e-05,0.0001182804195586,Germany,DEU,,,,Windows-10-10.0.19041-SP0,3.10.5,8,Intel(R) Core(TM) i7-6700K CPU @ 4.00GHz,1.0,1 x NVIDIA GeForce GTX 960,,,15.89032745361328,machine,N
2022-06-20T13:52:02,codecarbon,2dadf18d-d53a-465c-9db7-cd191b1c6cdb,6.502817869186401,3.7049858822566086e-05,0.0056975083060724,47.5,14.739,5.9588727951049805,8.578789134820302e-05,2.656236536224684e-05,1.0738975258208256e-05,0.0001230892319686,Germany,DEU,,,,Windows-10-10.0.19041-SP0,3.10.5,8,Intel(R) Core(TM) i7-6700K CPU @ 4.00GHz,1.0,1 x NVIDIA GeForce GTX 960,,,15.89032745361328,machine,N
2022-06-20T13:52:22,codecarbon,7dff55b6-f979-4bcb-bdf1-9be20f43e355,7.163143396377564,4.081901918944316e-05,0.0056984785771684,47.5,14.739,5.9588727951049805,9.451369759109286e-05,2.9265733918150267e-05,1.1831927924122852e-05,0.0001356113594333,Germany,DEU,,,,Windows-10-10.0.19041-SP0,3.10.5,8,Intel(R) Core(TM) i7-6700K CPU @ 4.00GHz,1.0,1 x NVIDIA GeForce GTX 960,,,15.89032745361328,machine,N
2022-06-20T13:52:40,codecarbon,9e9ef095-db6c-45b0-a4da-432994a74b28,6.850386619567871,3.903570119774565e-05,0.0056983208927568,47.5,14.739,5.9588727951049805,9.038704567485386e-05,2.7985379515687625e-05,1.1314289752135095e-05,0.0001296867149426,Germany,DEU,,,,Windows-10-10.0.19041-SP0,3.10.5,8,Intel(R) Core(TM) i7-6700K CPU @ 4.00GHz,1.0,1 x NVIDIA GeForce GTX 960,,,15.89032745361328,machine,N
2022-06-20T13:55:28,codecarbon,241cd37f-d940-4c52-b929-95aeeef1d37c,7.677793741226196,4.369210503140739e-05,0.0056907109651566,47.5,14.643,5.9588727951049805,0.0001013042229745,3.116846839249134e-05,1.268380375395111e-05,0.0001451564951209,Germany,DEU,,,,Windows-10-10.0.19041-SP0,3.10.5,8,Intel(R) Core(TM) i7-6700K CPU @ 4.00GHz,1.0,1 x NVIDIA GeForce GTX 960,,,15.89032745361328,machine,N
2022-06-20T13:57:52,codecarbon,575cf532-8277-4c12-a78d-cd56abed91e2,5.909675121307373,3.3667723782589867e-05,0.0056970515453887,47.5,14.732000000000005,5.9588727951049805,7.797488007280562e-05,2.412248790873421e-05,9.75553495065242e-06,0.0001118529029321,Germany,DEU,,,,Windows-10-10.0.19041-SP0,3.10.5,8,Intel(R) Core(TM) i7-6700K CPU @ 4.00GHz,1.0,1 x NVIDIA GeForce GTX 960,,,15.89032745361328,machine,N
2022-06-20T13:58:21,codecarbon,7b4bd3c1-211a-40cb-8c95-3ee880bbaefc,2.4012959003448486,1.36764373367941e-05,0.005695440255751,47.5,14.837,5.9588727951049805,3.167062219646242e-05,9.822686229546864e-06,3.943360466994363e-06,4.543666889300365e-05,Germany,DEU,,,,Windows-10-10.0.19041-SP0,3.10.5,8,Intel(R) Core(TM) i7-6700K CPU @ 4.00GHz,1.0,1 x NVIDIA GeForce GTX 960,,,15.89032745361328,machine,N
2022-06-20T13:58:34,codecarbon,ffc52ae5-2f01-4568-a762-9f55ef0d7b31,1.3070135116577148,7.438443063367134e-06,0.0056911753375317,47.5,14.835,5.9588727951049805,1.724531716770596e-05,5.328454558054606e-06,2.138663700708321e-06,2.4712435426468885e-05,Germany,DEU,,,,Windows-10-10.0.19041-SP0,3.10.5,8,Intel(R) Core(TM) i7-6700K CPU @ 4.00GHz,1.0,1 x NVIDIA GeForce GTX 960,,,15.89032745361328,machine,N
2022-06-20T13:58:49,codecarbon,11047d36-73c1-4d3b-b7ed-48d6c0d0c3e4,2.196038722991944,1.248996188677258e-05,0.0056874961975879,47.5,14.739,5.9588727951049805,2.896236462725533e-05,8.925614513158799e-06,3.6069108488635498e-06,4.149488998927768e-05,Germany,DEU,,,,Windows-10-10.0.19041-SP0,3.10.5,8,Intel(R) Core(TM) i7-6700K CPU @ 4.00GHz,1.0,1 x NVIDIA GeForce GTX 960,,,15.89032745361328,machine,N
2022-06-20T14:00:56,codecarbon,40c558f6-c407-4af6-a0f1-41763eae62d1,2.449159622192383,1.3954542519013924e-05,0.0056976860113847,47.5,14.835,5.9588727951049805,3.230214168628057e-05,1.0030927787224454e-05,4.027536901956524e-06,4.636060637546154e-05,Germany,DEU,,,,Windows-10-10.0.19041-SP0,3.10.5,8,Intel(R) Core(TM) i7-6700K CPU @ 4.00GHz,1.0,1 x NVIDIA GeForce GTX 960,,,15.89032745361328,machine,N
2022-06-20T14:01:17,codecarbon,92b61284-78ea-4728-8d9b-9c13cb1005db,2.372051954269409,1.3492364416852845e-05,0.0056880560278488,47.5,14.739,5.9588727951049805,3.128472682502535e-05,9.642151075998942e-06,3.898253051975189e-06,4.482513095299948e-05,Germany,DEU,,,,Windows-10-10.0.19041-SP0,3.10.5,8,Intel(R) Core(TM) i7-6700K CPU @ 4.00GHz,1.0,1 x NVIDIA GeForce GTX 960,,,15.89032745361328,machine,N
2022-06-20T14:03:19,codecarbon,39d02c95-3dcc-441e-af73-806785accb29,1.926239252090454,1.0970330903442776e-05,0.0056952068085712,47.5,14.835,5.9588727951049805,2.5402479039298163e-05,7.8801717877388e-06,3.1636312442014968e-06,3.644628207123846e-05,Germany,DEU,,,,Windows-10-10.0.19041-SP0,3.10.5,8,Intel(R) Core(TM) i7-6700K CPU @ 4.00GHz,1.0,1 x NVIDIA GeForce GTX 960,,,15.89032745361328,machine,N
2022-06-20T14:04:43,codecarbon,cc68c35e-6dc2-4cf5-81bd-294e4ba7f6fb,2.206937551498413,1.2573158811503991e-05,0.0056971067454841,47.5,14.835,5.9588727951049805,2.910615288549e-05,9.03688662648201e-06,3.628252220599393e-06,4.17712917325714e-05,Germany,DEU,,,,Windows-10-10.0.19041-SP0,3.10.5,8,Intel(R) Core(TM) i7-6700K CPU @ 4.00GHz,1.0,1 x NVIDIA GeForce GTX 960,,,15.89032745361328,machine,N
2022-06-20T14:05:14,codecarbon,c1ade76e-9c68-4f8f-83f9-300ff87bbade,2.1389684677124023,1.2168498037726204e-05,0.0056889562522351,47.5,14.739,5.9588727951049805,2.822250061564976e-05,8.691957424084346e-06,3.5124457400871736e-06,4.042690377982128e-05,Germany,DEU,,,,Windows-10-10.0.19041-SP0,3.10.5,8,Intel(R) Core(TM) i7-6700K CPU @ 4.00GHz,1.0,1 x NVIDIA GeForce GTX 960,,,15.89032745361328,machine,N
2022-06-20T14:05:49,codecarbon,1e5a6369-eb1d-4301-a39b-f75cf9d14ead,2.414877891540528,1.3774971761590035e-05,0.0057042104736826,47.5,14.933,5.9588727951049805,3.184981644153595e-05,9.946717791689768e-06,3.967491552787692e-06,4.576402578601341e-05,Germany,DEU,,,,Windows-10-10.0.19041-SP0,3.10.5,8,Intel(R) Core(TM) i7-6700K CPU @ 4.00GHz,1.0,1 x NVIDIA GeForce GTX 960,,,15.89032745361328,machine,N
2022-06-20T14:08:35,codecarbon,dc97efe3-ab72-4b74-a2a5-50614ad1658c,2.429086923599243,1.3799448756215184e-05,0.0056809201112359,47.5,14.643,5.9588727951049805,3.203727785083983e-05,9.815403548479084e-06,3.992663305714927e-06,4.584534470503384e-05,Germany,DEU,,,,Windows-10-10.0.19041-SP0,3.10.5,8,Intel(R) Core(TM) i7-6700K CPU @ 4.00GHz,1.0,1 x NVIDIA GeForce GTX 960,,,15.89032745361328,machine,N
2022-06-20T14:09:17,codecarbon,dd0761b9-0e09-4299-ac69-cab0508dcd0e,2.384922981262207,1.358774926457201e-05,0.0056973534874408,47.5,14.835,5.9588727951049805,3.145459062523312e-05,9.766222243507703e-06,3.921211266049909e-06,4.514202413479073e-05,Germany,DEU,,,,Windows-10-10.0.19041-SP0,3.10.5,8,Intel(R) Core(TM) i7-6700K CPU @ 4.00GHz,1.0,1 x NVIDIA GeForce GTX 960,,,15.89032745361328,machine,N
2022-06-20T14:11:26,codecarbon,c586c77f-d6ad-472b-9ca8-f995bcd1abaa,2.9437623023986816,1.6783267513895552e-05,0.0057012984710823,47.5,14.828,5.9588727951049805,3.884130815664927e-05,1.2067524733013578e-05,4.849530943877198e-06,5.575836383354004e-05,Germany,DEU,,,,Windows-10-10.0.19041-SP0,3.10.5,8,Intel(R) Core(TM) i7-6700K CPU @ 4.00GHz,1.0,1 x NVIDIA GeForce GTX 960,,,15.89032745361328,machine,N
2022-06-20T14:12:21,codecarbon,e9d337b1-0b79-45b0-a31e-2b06de4b803c,2.8630802631378174,1.6282429493147465e-05,0.0056870321460365,47.5,14.731000000000002,5.9588727951049805,3.773724536101024e-05,1.164618004348543e-05,4.711024738851393e-06,5.409445014334706e-05,Germany,DEU,,,,Windows-10-10.0.19041-SP0,3.10.5,8,Intel(R) Core(TM) i7-6700K CPU @ 4.00GHz,1.0,1 x NVIDIA GeForce GTX 960,,,15.89032745361328,machine,N
2022-06-20T14:13:30,codecarbon,7038fa3b-c1cd-4e0f-a726-ffe2852786d2,2.563587188720703,1.4600509521151252e-05,0.0056953434567744,47.5,14.835,5.9588727951049805,3.3798781534036e-05,1.049425312280655e-05,4.2136414931616175e-06,4.850667615000416e-05,Germany,DEU,,,,Windows-10-10.0.19041-SP0,3.10.5,8,Intel(R) Core(TM) i7-6700K CPU @ 4.00GHz,1.0,1 x NVIDIA GeForce GTX 960,,,15.89032745361328,machine,N
2022-06-20T14:14:19,codecarbon,2aec83a6-7165-448a-9d35-0c3967e3a570,3.285173416137696,1.8728283915945425e-05,0.0057008509273656,47.5,14.835,5.9588727951049805,4.333286980787913e-05,1.3475999331474304e-05,5.411343205980188e-06,6.222021234533363e-05,Germany,DEU,,,,Windows-10-10.0.19041-SP0,3.10.5,8,Intel(R) Core(TM) i7-6700K CPU @ 4.00GHz,1.0,1 x NVIDIA GeForce GTX 960,,,15.89032745361328,machine,N
2022-06-20T14:15:43,codecarbon,5821b23f-88be-4375-9aeb-05a40bce9157,2.7219364643096924,1.54743589656823e-05,0.0056850551688416,47.5,14.643,5.9588727951049805,3.5914439459641774e-05,1.1014687949419025e-05,4.480703041710967e-06,5.140983045077176e-05,Germany,DEU,,,,Windows-10-10.0.19041-SP0,3.10.5,8,Intel(R) Core(TM) i7-6700K CPU @ 4.00GHz,1.0,1 x NVIDIA GeForce GTX 960,,,15.89032745361328,machine,N
2022-06-20T14:17:16,codecarbon,b529bd7c-47ad-4733-8e3c-2c4244dcc8b7,2.6845622062683105,1.527401355768765e-05,0.0056895733397511,47.5,14.732000000000005,5.9588727951049805,3.540816058715185e-05,1.0920530902279748e-05,4.415539599231693e-06,5.074423108866329e-05,Germany,DEU,,,,Windows-10-10.0.19041-SP0,3.10.5,8,Intel(R) Core(TM) i7-6700K CPU @ 4.00GHz,1.0,1 x NVIDIA GeForce GTX 960,,,15.89032745361328,machine,N
2022-06-20T14:17:54,codecarbon,f519cfd9-61d7-4e4a-bec6-aa45eddc69d8,4.4112389087677,2.512521154375495e-05,0.0056957267705035,47.5,14.739,5.9588727951049805,5.820384671290716e-05,1.799501424988111e-05,7.273602637726527e-06,8.347246360051479e-05,Germany,DEU,,,,Windows-10-10.0.19041-SP0,3.10.5,8,Intel(R) Core(TM) i7-6700K CPU @ 4.00GHz,1.0,1 x NVIDIA GeForce GTX 960,,,15.89032745361328,machine,N
2022-06-20T14:21:47,codecarbon,e4fdf08a-9d33-439d-9a5e-3177db905381,2.385512590408325,1.3542217372503174e-05,0.0056768584776931,47.5,14.643,5.9588727951049805,3.1449179848035177e-05,9.625991455912591e-06,3.9155840864282255e-06,4.4990755390376e-05,Germany,DEU,,,,Windows-10-10.0.19041-SP0,3.10.5,8,Intel(R) Core(TM) i7-6700K CPU @ 4.00GHz,1.0,1 x NVIDIA GeForce GTX 960,,,15.89032745361328,machine,N
2022-06-20T14:22:14,codecarbon,e42e0da3-3d44-411a-bf7b-e481c81025ac,4.553599834442139,2.5935228795184585e-05,0.0056955441273117,47.5,14.739,5.9588727951049805,6.006905800766415e-05,1.858194478670756e-05,7.512548020195027e-06,8.616355081456674e-05,Germany,DEU,,,,Windows-10-10.0.19041-SP0,3.10.5,8,Intel(R) Core(TM) i7-6700K CPU @ 4.00GHz,1.0,1 x NVIDIA GeForce GTX 960,,,15.89032745361328,machine,N
2022-06-20T14:22:51,codecarbon,5bbfe034-7f31-48b5-8afc-9ce919305a6d,4.963545560836792,2.8305638779811887e-05,0.0057027055424147,47.5,14.828,5.9588727951049805,6.547806097401513e-05,2.0374452405505712e-05,8.186153663043569e-06,9.40386670425644e-05,Germany,DEU,,,,Windows-10-10.0.19041-SP0,3.10.5,8,Intel(R) Core(TM) i7-6700K CPU @ 4.00GHz,1.0,1 x NVIDIA GeForce GTX 960,,,15.89032745361328,machine,N
2022-06-20T14:23:33,codecarbon,b17515ad-a205-4d8d-99b0-f5f5dadfb284,5.035258293151856,2.8678246372189725e-05,0.0056954866468703,47.5,14.739,5.9588727951049805,6.642428951130973e-05,2.054576852798462e-05,8.306507981269533e-06,9.527656602056388e-05,Germany,DEU,,,,Windows-10-10.0.19041-SP0,3.10.5,8,Intel(R) Core(TM) i7-6700K CPU @ 4.00GHz,1.0,1 x NVIDIA GeForce GTX 960,,,15.89032745361328,machine,N
2022-06-20T14:25:01,codecarbon,2e0b25cd-09ba-469c-a45c-9f491ff822ba,4.268439292907715,2.4341130261499788e-05,0.0057025832139499,47.5,14.835,5.9588727951049805,5.630653881364399e-05,1.752376735210419e-05,7.03723623126109e-06,8.086754239700926e-05,Germany,DEU,,,,Windows-10-10.0.19041-SP0,3.10.5,8,Intel(R) Core(TM) i7-6700K CPU @ 4.00GHz,1.0,1 x NVIDIA GeForce GTX 960,,,15.89032745361328,machine,N
2022-06-20T14:26:38,codecarbon,238b0f2e-8433-4987-a1be-ce0a0cd7ae94,4.147863626480103,2.361822870177315e-05,0.0056940706900278,47.5,14.739,5.9588727951049805,5.47155972984102e-05,1.6912624911268552e-05,6.837653875946329e-06,7.846587608562508e-05,Germany,DEU,,,,Windows-10-10.0.19041-SP0,3.10.5,8,Intel(R) Core(TM) i7-6700K CPU @ 4.00GHz,1.0,1 x NVIDIA GeForce GTX 960,,,15.89032745361328,machine,N
2022-06-20T14:31:49,codecarbon,b4a51f50-7d6d-428c-a6af-36bada6c9011,4.10392951965332,2.336894081138728e-05,0.0056942841487593,47.5,14.739,5.9588727951049805,5.413590172926584e-05,1.673684034486612e-05,6.764935040111482e-06,7.763767711424345e-05,Germany,DEU,,,,Windows-10-10.0.19041-SP0,3.10.5,8,Intel(R) Core(TM) i7-6700K CPU @ 4.00GHz,1.0,1 x NVIDIA GeForce GTX 960,,,15.89032745361328,machine,N
2022-06-20T14:32:38,codecarbon,349cf725-6125-4112-97a6-7b268fb60467,4.598402738571167,2.618897257623469e-05,0.005695232467692,47.5,14.739,5.9588727951049805,6.066020429134369e-05,1.876129221081734e-05,7.585056907256559e-06,8.700655340941759e-05,Germany,DEU,,,,Windows-10-10.0.19041-SP0,3.10.5,8,Intel(R) Core(TM) i7-6700K CPU @ 4.00GHz,1.0,1 x NVIDIA GeForce GTX 960,,,15.89032745361328,machine,N
2022-06-20T14:32:49,codecarbon,71de1126-ba01-4982-bbf4-1fefb0db989e,3.369145154953003,1.9181344545986185e-05,0.0056932377988486,47.5,14.739,5.9588727951049805,4.444082710478041e-05,1.3732584063013396e-05,5.551985994950997e-06,6.372539716274481e-05,Germany,DEU,,,,Windows-10-10.0.19041-SP0,3.10.5,8,Intel(R) Core(TM) i7-6700K CPU @ 4.00GHz,1.0,1 x NVIDIA GeForce GTX 960,,,15.89032745361328,machine,N
2022-06-20T14:33:50,codecarbon,c24f7b3e-b892-4756-aae4-fd1cc014e464,3.658444166183472,2.0819598795525745e-05,0.0056908340949876,47.5,14.739,5.9588727951049805,4.824481109778087e-05,1.4900694781939188e-05,6.022596430996714e-06,6.916810231071677e-05,Germany,DEU,,,,Windows-10-10.0.19041-SP0,3.10.5,8,Intel(R) Core(TM) i7-6700K CPU @ 4.00GHz,1.0,1 x NVIDIA GeForce GTX 960,,,15.89032745361328,machine,N
2022-06-20T14:39:47,codecarbon,39510c39-4198-4d12-845f-04cec2c21496,3.157565832138061,1.801841217440456e-05,0.0057064248640554,47.5,14.933,5.9588727951049805,4.164915863010618e-05,1.301915487733152e-05,5.193520959022635e-06,5.986183446646034e-05,Germany,DEU,,,,Windows-10-10.0.19041-SP0,3.10.5,8,Intel(R) Core(TM) i7-6700K CPU @ 4.00GHz,1.0,1 x NVIDIA GeForce GTX 960,,,15.89032745361328,machine,N
2022-06-20T14:40:16,codecarbon,4869701d-6518-43bd-88e4-97e618cc64ae,4.550386905670166,2.587088956810312e-05,0.0056854263394318,47.5,14.643,5.9588727951049805,6.001349687576294e-05,1.8435675240755084e-05,7.500627113060432e-06,8.594979922957846e-05,Germany,DEU,,,,Windows-10-10.0.19041-SP0,3.10.5,8,Intel(R) Core(TM) i7-6700K CPU @ 4.00GHz,1.0,1 x NVIDIA GeForce GTX 960,,,15.89032745361328,machine,N
2022-06-20T14:45:57,codecarbon,9f1d949f-5102-4d5f-8311-8a9303fa89c9,4.899987459182739,2.7909246518785728e-05,0.0056957791731656,47.5,14.732000000000005,5.9588727951049805,6.465261230866115e-05,1.99865345729722e-05,8.082602350212938e-06,9.272174923184628e-05,Germany,DEU,,,,Windows-10-10.0.19041-SP0,3.10.5,8,Intel(R) Core(TM) i7-6700K CPU @ 4.00GHz,1.0,1 x NVIDIA GeForce GTX 960,,,15.89032745361328,machine,N
2022-06-20T14:50:08,codecarbon,463e1267-b4ae-48d3-8d5e-dc56e83b3964,4.453926086425781,2.536429604003483e-05,0.0056948174594404,47.5,14.732000000000005,5.9588727951049805,5.876708030700684e-05,1.815707209322188e-05,7.342611852378696e-06,8.42667642526074e-05,Germany,DEU,,,,Windows-10-10.0.19041-SP0,3.10.5,8,Intel(R) Core(TM) i7-6700K CPU @ 4.00GHz,1.0,1 x NVIDIA GeForce GTX 960,,,15.89032745361328,machine,N
2022-06-20T14:50:50,codecarbon,cff72020-fe52-41db-a4e2-f014ca857f1c,3.978444576263428,2.255761776102466e-05,0.0056699590326355,47.5,14.837,5.9588727951049805,5.219069901439879e-05,1.6232297172082796e-05,6.5192555112747644e-06,7.494225169775635e-05,Germany,DEU,,,,Windows-10-10.0.19041-SP0,3.10.5,8,Intel(R) Core(TM) i7-6700K CPU @ 4.00GHz,1.0,1 x NVIDIA GeForce GTX 960,,,15.89032745361328,machine,N
2022-06-20T14:53:16,codecarbon,0955bc20-b2c0-44ee-923a-952b40ea6c41,6.224663257598877,3.546017683045911e-05,0.0056967221137899,47.5,14.732000000000005,5.9588727951049805,8.213097353776297e-05,2.540331331385507e-05,1.0273609595089964e-05,0.0001178078964467,Germany,DEU,,,,Windows-10-10.0.19041-SP0,3.10.5,8,Intel(R) Core(TM) i7-6700K CPU @ 4.00GHz,1.0,1 x NVIDIA GeForce GTX 960,,,15.89032745361328,machine,N
2022-06-20T14:56:24,codecarbon,43d3f55b-a9aa-4819-aa6f-d889936fcbc6,3.7446129322052,2.1357489767565448e-05,0.0057035240101539,47.5,14.828,5.9588727951049805,4.940808729992973e-05,1.5370245317882965e-05,6.176782889049264e-06,7.095511550686196e-05,Germany,DEU,,,,Windows-10-10.0.19041-SP0,3.10.5,8,Intel(R) Core(TM) i7-6700K CPU @ 4.00GHz,1.0,1 x NVIDIA GeForce GTX 960,,,15.89032745361328,machine,N
2022-06-20T14:58:35,codecarbon,003d823d-6856-43b3-ac6c-9bdb89fab4df,3.6968045234680176,2.1047474537300907e-05,0.0056934237132873,47.5,14.739,5.9588727951049805,4.8764123022556304e-05,1.5069997875690462e-05,6.091043677503763e-06,6.992516457575052e-05,Germany,DEU,,,,Windows-10-10.0.19041-SP0,3.10.5,8,Intel(R) Core(TM) i7-6700K CPU @ 4.00GHz,1.0,1 x NVIDIA GeForce GTX 960,,,15.89032745361328,machine,N
2022-06-20T14:58:57,codecarbon,01c6040b-1d77-47e5-969a-d175e459b033,3.824299573898315,2.1813591671493862e-05,0.005703944277895,47.5,14.837,5.9588727951049805,5.0459508266713886e-05,1.5703869058026208e-05,6.30702689949203e-06,7.247040422423212e-05,Germany,DEU,,,,Windows-10-10.0.19041-SP0,3.10.5,8,Intel(R) Core(TM) i7-6700K CPU @ 4.00GHz,1.0,1 x NVIDIA GeForce GTX 960,,,15.89032745361328,machine,N
2022-06-20T15:00:09,codecarbon,ba0e3b55-a2d4-4e34-86b4-7e1902160b8b,3.597747564315796,2.0483192975166764e-05,0.005693338014687,47.5,14.739,5.9588727951049805,4.745712776978811e-05,1.466456711947918e-05,5.9287801112867565e-06,6.805047500055404e-05,Germany,DEU,,,,Windows-10-10.0.19041-SP0,3.10.5,8,Intel(R) Core(TM) i7-6700K CPU @ 4.00GHz,1.0,1 x NVIDIA GeForce GTX 960,,,15.89032745361328,machine,N
2022-06-20T15:00:23,codecarbon,1f7a0a9b-ad59-448f-8d45-490ea15b203f,3.274592399597168,1.8643540334526624e-05,0.0056933926606621,47.5,14.739,5.9588727951049805,4.319362408585019e-05,1.334956709822019e-05,5.395481023659272e-06,6.193867220772965e-05,Germany,DEU,,,,Windows-10-10.0.19041-SP0,3.10.5,8,Intel(R) Core(TM) i7-6700K CPU @ 4.00GHz,1.0,1 x NVIDIA GeForce GTX 960,,,15.89032745361328,machine,N
2022-06-20T15:00:39,codecarbon,56c0510f-63c6-45fa-b395-93e0f2627ae9,4.083139896392822,2.321947028731485e-05,0.0056866702774077,47.5,14.643,5.9588727951049805,5.386160049173567e-05,1.654732443213463e-05,6.732172376179051e-06,7.714109730004935e-05,Germany,DEU,,,,Windows-10-10.0.19041-SP0,3.10.5,8,Intel(R) Core(TM) i7-6700K CPU @ 4.00GHz,1.0,1 x NVIDIA GeForce GTX 960,,,15.89032745361328,machine,N
2022-06-20T15:01:24,codecarbon,8509c3bb-4844-4e90-a760-1de7186b0477,3.056384563446045,1.7395731556033042e-05,0.0056916043105581,47.5,14.739,5.9588727951049805,4.0314128001530965e-05,1.24480098704497e-05,5.030990221152365e-06,5.779312809313303e-05,Germany,DEU,,,,Windows-10-10.0.19041-SP0,3.10.5,8,Intel(R) Core(TM) i7-6700K CPU @ 4.00GHz,1.0,1 x NVIDIA GeForce GTX 960,,,15.89032745361328,machine,N
2022-06-20T15:01:59,codecarbon,3056fbf9-b076-4135-90e1-b038f3e09f28,3.357745885848999,1.911117018179977e-05,0.0056916666214505,47.5,14.739,5.9588727951049805,4.429042637348175e-05,1.3673667086164156e-05,5.528166280552682e-06,6.34922597401986e-05,Germany,DEU,,,,Windows-10-10.0.19041-SP0,3.10.5,8,Intel(R) Core(TM) i7-6700K CPU @ 4.00GHz,1.0,1 x NVIDIA GeForce GTX 960,,,15.89032745361328,machine,N
2022-06-20T15:06:14,codecarbon,2a03f17f-277c-44d1-ad23-87cc049cbcad,21.44824194908142,0.0001510590362048,0.0070429565538973,47.5,30.851,5.9588727951049805,0.0002829581350088,0.0001834598241296,3.543930400058116e-05,0.000501857263139,Germany,DEU,,,,Windows-10-10.0.19041-SP0,3.10.5,8,Intel(R) Core(TM) i7-6700K CPU @ 4.00GHz,1.0,1 x NVIDIA GeForce GTX 960,,,15.89032745361328,machine,N
2022-06-20T15:07:28,codecarbon,c230d279-69bb-4584-8448-ca06dca2d49f,3.707836866378784,2.1603379012740825e-05,0.0058264103279817,47.5,16.355,5.9588727951049805,4.889650146166484e-05,1.676787207921346e-05,6.107649757263971e-06,7.177202329814227e-05,Germany,DEU,,,,Windows-10-10.0.19041-SP0,3.10.5,8,Intel(R) Core(TM) i7-6700K CPU @ 4.00GHz,1.0,1 x NVIDIA GeForce GTX 960,,,15.89032745361328,machine,N
2022-06-20T15:08:11,codecarbon,1ff8a61b-7fc8-48ab-9b5c-2b04955c9c68,2.604757070541382,1.4841785199064916e-05,0.005697953704366,47.5,14.835,5.9588727951049805,3.435515728261736e-05,1.0668009211619694e-05,4.285089981061674e-06,4.9308256475298725e-05,Germany,DEU,,,,Windows-10-10.0.19041-SP0,3.10.5,8,Intel(R) Core(TM) i7-6700K CPU @ 4.00GHz,1.0,1 x NVIDIA GeForce GTX 960,,,15.89032745361328,machine,N
2022-06-20T15:24:23,codecarbon,b78dd9ba-1645-4a33-acb8-e094e1ac4de3,8.478946685791016,4.825401911380212e-05,0.0056910393356601,47.5,14.729,5.9588727951049805,0.0001117433832751,3.458048677331872e-05,1.3988485811350984e-05,0.0001603123558598,Germany,DEU,,,,Windows-10-10.0.19041-SP0,3.10.5,8,Intel(R) Core(TM) i7-6700K CPU @ 4.00GHz,1.0,1 x NVIDIA GeForce GTX 960,,,15.89032745361328,machine,N
2022-06-20T15:24:54,codecarbon,8e8086d1-b160-4407-bf67-3f835416dbd5,11.271493196487429,6.41509755625716e-05,0.0056914354153683,47.5,14.643,5.9588727951049805,0.0001487079287568,4.578594566166401e-05,1.863229024116947e-05,0.0002131261646597,Germany,DEU,,,,Windows-10-10.0.19041-SP0,3.10.5,8,Intel(R) Core(TM) i7-6700K CPU @ 4.00GHz,1.0,1 x NVIDIA GeForce GTX 960,,,15.89032745361328,machine,N
2022-06-20T15:26:54,codecarbon,94a88f4f-1016-4e38-a724-9399cf888764,9.51541543006897,5.422351725533498e-05,0.0056984918476588,47.5,14.729,5.9588727951049805,0.0001255506202578,3.887005270169841e-05,1.5723902639566632e-05,0.0001801445755991,Germany,DEU,,,,Windows-10-10.0.19041-SP0,3.10.5,8,Intel(R) Core(TM) i7-6700K CPU @ 4.00GHz,1.0,1 x NVIDIA GeForce GTX 960,,,15.89032745361328,machine,N
2022-06-20T15:27:53,codecarbon,d3912c64-ca6a-4f87-922f-7f736267b278,8.931025743484497,5.089276637962381e-05,0.0056984234332491,47.5,14.732000000000005,5.9588727951049805,0.0001178399230043,3.648243706729677e-05,1.4756598000233793e-05,0.0001690789580718,Germany,DEU,,,,Windows-10-10.0.19041-SP0,3.10.5,8,Intel(R) Core(TM) i7-6700K CPU @ 4.00GHz,1.0,1 x NVIDIA GeForce GTX 960,,,15.89032745361328,machine,N
2022-06-20T15:28:19,codecarbon,0476f3c7-8f50-4ebb-803b-71ecda253fb0,10.578827619552612,6.0881702679645416e-05,0.0057550519650324,47.5,15.407,5.9588727951049805,0.0001395686164498,4.521041572643651e-05,1.7485760779363206e-05,0.0002022647929556,Germany,DEU,,,,Windows-10-10.0.19041-SP0,3.10.5,8,Intel(R) Core(TM) i7-6700K CPU @ 4.00GHz,1.0,1 x NVIDIA GeForce GTX 960,,,15.89032745361328,machine,N
2022-06-20T15:29:11,codecarbon,d13d22c9-9b46-4b3c-8741-86397ed08581,8.332176923751831,4.754467853769829e-05,0.0057061532625605,47.5,14.828,5.9588727951049805,0.0001099384455217,3.425358634127511e-05,1.3763710787159769e-05,0.0001579557426501,Germany,DEU,,,,Windows-10-10.0.19041-SP0,3.10.5,8,Intel(R) Core(TM) i7-6700K CPU @ 4.00GHz,1.0,1 x NVIDIA GeForce GTX 960,,,15.89032745361328,machine,N
2022-06-20T16:11:43,codecarbon,93fa3230-51f7-471a-b0a2-ec7ab1ec27cc,10.543753147125244,6.016480255567751e-05,0.0057062036369925,47.5,14.826,5.9588727951049805,0.0001391058031055,4.335286019166311e-05,1.7424401671798932e-05,0.000199883064969,Germany,DEU,,,,Windows-10-10.0.19041-SP0,3.10.5,8,Intel(R) Core(TM) i7-6700K CPU @ 4.00GHz,1.0,1 x NVIDIA GeForce GTX 960,,,15.89032745361328,machine,N
2022-06-20T17:22:45,codecarbon,2dad2de1-a210-4376-b0a5-69c43f1061e9,3021.626813173294,0.0172354237365156,0.0057040213110947,47.5,14.835,5.9588727951049805,0.0398658190949095,0.0123992713670706,0.0049954535131548,0.0572605439751351,Germany,DEU,,,,Windows-10-10.0.19041-SP0,3.10.5,8,Intel(R) Core(TM) i7-6700K CPU @ 4.00GHz,1.0,1 x NVIDIA GeForce GTX 960,,,15.89032745361328,machine,N
2022-06-20T17:31:27,codecarbon,130d974e-a4a1-42d7-9f7f-e09ddcfe1613,3.9021401405334473,2.2221442317688613e-05,0.0056946807437445,47.5,14.738,5.9588727951049805,5.1473396685388354e-05,1.5917767210933896e-05,6.434225863440588e-06,7.382538975976284e-05,Germany,DEU,,,,Windows-10-10.0.19041-SP0,3.10.5,8,Intel(R) Core(TM) i7-6700K CPU @ 4.00GHz,1.0,1 x NVIDIA GeForce GTX 960,,,15.89032745361328,machine,N
2022-06-20T17:34:51,codecarbon,0173598f-cac7-4e50-94da-b5d74e02082c,12.4321608543396,7.084768474638615e-05,0.0056987426060897,47.5,14.738,5.9588727951049805,0.0001640223031242,5.081014326850573e-05,2.0541921535418625e-05,0.0002353743679281,Germany,DEU,,,,Windows-10-10.0.19041-SP0,3.10.5,8,Intel(R) Core(TM) i7-6700K CPU @ 4.00GHz,1.0,1 x NVIDIA GeForce GTX 960,,,15.89032745361328,machine,N
2022-06-20T19:33:20,codecarbon,e46ec5e5-7207-4bd9-b326-54e4ad4a3302,19.03643488883972,0.0001085294973863,0.0057011461452793,47.5,14.835,5.9588727951049805,0.000251175182561,7.793084524373214e-05,3.1457086435619886e-05,0.0003605631142404,Germany,DEU,,,,Windows-10-10.0.19041-SP0,3.10.5,8,Intel(R) Core(TM) i7-6700K CPU @ 4.00GHz,1.0,1 x NVIDIA GeForce GTX 960,,,15.89032745361328,machine,N
2022-06-20T19:33:53,codecarbon,9f70179a-ca77-4ba3-bd39-50453b9ba641,21.26667594909668,0.0001217668322184,0.0057257106145738,47.5,14.932,5.9588727951049805,0.0002805756471223,8.882325152119001e-05,3.514207218188119e-05,0.0004045409708254,Germany,DEU,,,,Windows-10-10.0.19041-SP0,3.10.5,8,Intel(R) Core(TM) i7-6700K CPU @ 4.00GHz,1.0,1 x NVIDIA GeForce GTX 960,,,15.89032745361328,machine,N
2022-06-20T19:35:04,codecarbon,393f4d96-11c1-4a55-8c82-e9a30124b815,58.197484731674194,0.0003322693811588,0.0057093426406802,47.5,14.828,5.9588727951049805,0.0007678702919019,0.0002398042642544,9.621043108243044e-05,0.0011038849872388,Germany,DEU,,,,Windows-10-10.0.19041-SP0,3.10.5,8,Intel(R) Core(TM) i7-6700K CPU @ 4.00GHz,1.0,1 x NVIDIA GeForce GTX 960,,,15.89032745361328,machine,N
2022-06-20T19:47:17,codecarbon,ea5158c0-2a8b-49f5-b7d0-abe7e8c8b00a,719.6172926425934,0.0041199358002198,0.0057251762045496,47.5,14.923,5.9588727951049805,0.0094943189418978,0.0030035184556786,0.0011896569553133,0.0136874943528897,Germany,DEU,,,,Windows-10-10.0.19041-SP0,3.10.5,8,Intel(R) Core(TM) i7-6700K CPU @ 4.00GHz,1.0,1 x NVIDIA GeForce GTX 960,,,15.89032745361328,machine,N
2022-06-20T19:48:59,codecarbon,c65d1e38-b321-4d55-b0da-559ec2d7ffdb,5.901604652404785,3.3614795235508446e-05,0.0056958737860915,47.5,14.732000000000005,5.9588727951049805,7.785523583491643e-05,2.40813003455268e-05,9.740524402641313e-06,0.000111677060583,Germany,DEU,,,,Windows-10-10.0.19041-SP0,3.10.5,8,Intel(R) Core(TM) i7-6700K CPU @ 4.00GHz,1.0,1 x NVIDIA GeForce GTX 960,,,15.89032745361328,machine,N
2022-06-20T20:27:09,codecarbon,002baa77-549c-492b-b77c-cb202a78b9b9,1921.293112039566,0.0110212202596029,0.0057363554735816,47.5,14.732000000000005,5.9588727951049805,0.0253487999361422,0.00806531659261,0.0032012331709252,0.0366153496996775,Germany,DEU,,,,Windows-10-10.0.19041-SP0,3.10.5,8,Intel(R) Core(TM) i7-6700K CPU @ 4.00GHz,1.0,1 x NVIDIA GeForce GTX 960,,,15.89032745361328,machine,N
2022-06-20T20:36:51,codecarbon,c90c5a5e-52fe-4a83-bb17-87cd83683985,125.89432668685912,0.0007178840584132,0.0057022748943952,47.5,14.828,5.9588727951049805,0.0016610267617636,0.0005158420073555,0.0002081281026857,0.0023849968718048,Germany,DEU,,,,Windows-10-10.0.19041-SP0,3.10.5,8,Intel(R) Core(TM) i7-6700K CPU @ 4.00GHz,1.0,1 x NVIDIA GeForce GTX 960,,,15.89032745361328,machine,N
2022-06-20T20:38:21,codecarbon,b7e5ffa9-07d3-4774-b53e-80a1a11d4b63,71.38566899299622,0.0004448172556941,0.0062311842414441,47.5,30.755000000000003,5.9588727951049805,0.0009418283957574,0.0004180155674735,0.0001179542284437,0.0014777981916747,Germany,DEU,,,,Windows-10-10.0.19041-SP0,3.10.5,8,Intel(R) Core(TM) i7-6700K CPU @ 4.00GHz,1.0,1 x NVIDIA GeForce GTX 960,,,15.89032745361328,machine,N
2022-06-20T20:39:22,codecarbon,18dfdd19-d40c-41d5-8328-4cca3e2ac638,51.39980959892273,0.0003159728848844,0.006147355162402,47.5,14.923,5.9588727951049805,0.000678152439826,0.0002866360737205,8.49552900561315e-05,0.0010497438036027,Germany,DEU,,,,Windows-10-10.0.19041-SP0,3.10.5,8,Intel(R) Core(TM) i7-6700K CPU @ 4.00GHz,1.0,1 x NVIDIA GeForce GTX 960,,,15.89032745361328,machine,N
2022-06-20T20:40:34,codecarbon,c6d538e9-4064-4db5-87ee-b9fd79291ad7,60.33344101905823,0.0003456307836047,0.0057286767962652,47.5,14.827,5.9588727951049805,0.0007960134963194,0.0002525362366931,9.972529557445682e-05,0.0011482750285871,Germany,DEU,,,,Windows-10-10.0.19041-SP0,3.10.5,8,Intel(R) Core(TM) i7-6700K CPU @ 4.00GHz,1.0,1 x NVIDIA GeForce GTX 960,,,15.89032745361328,machine,N
2022-06-20T20:41:53,codecarbon,723222aa-5d37-4d71-bc7a-facc75f56e24,65.93291425704956,0.0003763861008983,0.0057086222433753,47.5,14.828,5.9588727951049805,0.0008698954915006,0.0002715752454164,0.0001089814255358,0.0012504521624529,Germany,DEU,,,,Windows-10-10.0.19041-SP0,3.10.5,8,Intel(R) Core(TM) i7-6700K CPU @ 4.00GHz,1.0,1 x NVIDIA GeForce GTX 960,,,15.89032745361328,machine,N
2022-06-20T20:44:07,codecarbon,ee1076d7-0caa-4328-a009-86eb8de0fe80,123.5834972858429,0.0007077719198836,0.0057270746938531,47.5,15.117000000000004,5.9588727951049805,0.0016305366138617,0.0005165685958804,0.0002042965174459,0.0023514017271881,Germany,DEU,,,,Windows-10-10.0.19041-SP0,3.10.5,8,Intel(R) Core(TM) i7-6700K CPU @ 4.00GHz,1.0,1 x NVIDIA GeForce GTX 960,,,15.89032745361328,machine,N
2022-06-20T20:47:55,codecarbon,475d9aa9-5c14-4a2d-90f0-18696bcfecbc,220.70117354393005,0.0012592472206876,0.0057056661750692,47.5,14.827,5.9588727951049805,0.0029118451550602,0.0009068338695065,0.0003648665591132,0.00418354558368,Germany,DEU,,,,Windows-10-10.0.19041-SP0,3.10.5,8,Intel(R) Core(TM) i7-6700K CPU @ 4.00GHz,1.0,1 x NVIDIA GeForce GTX 960,,,15.89032745361328,machine,N
2022-06-20T20:50:58,codecarbon,727e8a40-c8a7-41d1-9160-db1fa63ab54e,166.91736388206482,0.0009573230296493,0.0057353112185844,47.5,14.827,5.9588727951049805,0.0022022637660304,0.0007022660038179,0.0002759454117108,0.0031804751815592,Germany,DEU,,,,Windows-10-10.0.19041-SP0,3.10.5,8,Intel(R) Core(TM) i7-6700K CPU @ 4.00GHz,1.0,1 x NVIDIA GeForce GTX 960,,,15.89032745361328,machine,N
2022-06-20T20:52:22,codecarbon,adede43d-391b-4973-9fa1-c11d95fd28fc,71.50592064857483,0.0004661544884574,0.0065191033725504,47.5,30.942,5.9588727951049805,0.0009434281927016,0.0004870599667244,0.0001181978487382,0.0015486860081642,Germany,DEU,,,,Windows-10-10.0.19041-SP0,3.10.5,8,Intel(R) Core(TM) i7-6700K CPU @ 4.00GHz,1.0,1 x NVIDIA GeForce GTX 960,,,15.89032745361328,machine,N
2022-06-20T16:16:02,codecarbon,4baccc0c-6630-428a-933c-0790a3418734,0.0379979610443115,1.669439965839678e-07,0.0043934988087725,32.5,41.77600000000001,11.980078697204592,3.339992629157173e-07,1.7404851701524526e-07,4.6583437955973763e-08,5.546312178869363e-07,Germany,DEU,,,,Windows-10-10.0.22000-SP0,3.9.12,16,AMD Ryzen 7 3700X 8-Core Processor,1.0,1 x NVIDIA GeForce GTX 1080,,,31.946876525878903,machine,N
2022-06-20T16:17:25,codecarbon,04a24aef-3f83-49af-908a-cfa6022047b1,0.0370051860809326,1.7053469999854309e-07,0.0046084000125164,32.5,43.128,11.980078697204592,3.250130348735386e-07,1.916404008865357e-07,4.9907029351364464e-08,5.665604651114387e-07,Germany,DEU,,,,Windows-10-10.0.22000-SP0,3.9.12,16,AMD Ryzen 7 3700X 8-Core Processor,1.0,1 x NVIDIA GeForce GTX 1080,,,31.946876525878903,machine,N
2022-06-20T16:20:51,codecarbon,7dc312e0-1b77-439b-9d48-46d1a711a0ca,8.22099781036377,4.006765067871689e-05,0.0048738184345707,32.5,13.864,11.980078697204592,7.420830776294072e-05,3.160221261395349e-05,2.730459815704895e-05,0.0001331151185339,Germany,DEU,,,,Windows-10-10.0.22000-SP0,3.9.12,16,AMD Ryzen 7 3700X 8-Core Processor,1.0,1 x NVIDIA GeForce GTX 1080,,,31.946876525878903,machine,N
2022-06-20T16:21:13,codecarbon,f011eb09-1c1f-462d-adcc-9cb66bd3645d,0.024001121520996,1.2387702923528364e-07,0.0051613016969609,32.5,41.31000000000001,11.980078697204592,2.076561252276103e-07,1.6063562035560614e-07,4.3259846560583056e-08,4.1155159214379947e-07,Germany,DEU,,,,Windows-10-10.0.22000-SP0,3.9.12,16,AMD Ryzen 7 3700X 8-Core Processor,1.0,1 x NVIDIA GeForce GTX 1080,,,31.946876525878903,machine,N
2022-06-20T16:22:01,codecarbon,c18557c4-8a71-4196-9595-fdc2ecb5c53b,8.52099895477295,6.0889527705667615e-05,0.0071458203467518,32.5,41.09600000000001,11.980078697204592,7.691664066579608e-05,9.70778702481588e-05,2.8296278805871112e-05,0.0002022907897198,Germany,DEU,,,,Windows-10-10.0.22000-SP0,3.9.12,16,AMD Ryzen 7 3700X 8-Core Processor,1.0,1 x NVIDIA GeForce GTX 1080,,,31.946876525878903,machine,N
2022-06-20T16:23:09,codecarbon,4863284f-818f-4c5c-8a48-b38456f51564,3.4180047512054443,2.48406633457794e-05,0.0072675918127435,32.5,42.649,11.980078697204592,3.085698733727137e-05,4.033894717752933e-05,1.133118623529697e-05,8.252712075009768e-05,Germany,DEU,,,,Windows-10-10.0.22000-SP0,3.9.12,16,AMD Ryzen 7 3700X 8-Core Processor,1.0,1 x NVIDIA GeForce GTX 1080,,,31.946876525878903,machine,N
2022-06-20T16:24:21,codecarbon,3742d2f7-eefe-4dc4-ab3d-9ace8094143e,53.26299786567688,0.0003450787830119,0.0064787713204247,32.5,41.114,11.980078697204592,0.0004808013535208,0.0004886141807705,0.0001770256052833,0.0011464411395747,Germany,DEU,,,,Windows-10-10.0.22000-SP0,3.9.12,16,AMD Ryzen 7 3700X 8-Core Processor,1.0,1 x NVIDIA GeForce GTX 1080,,,31.946876525878903,machine,N
2022-06-20T16:42:52,codecarbon,3f6309e8-1167-4844-9f53-9f3e88330a2e,11.619998216629028,5.819662865674736e-05,0.005008316487817,32.5,15.463,11.980078697204592,0.0001048937345544,4.9838096471230194e-05,3.861245022597245e-05,0.0001933442812516,Germany,DEU,,,,Windows-10-10.0.22000-SP0,3.9.12,16,AMD Ryzen 7 3700X 8-Core Processor,1.0,1 x NVIDIA GeForce GTX 1080,,,31.946876525878903,machine,N
2022-06-20T16:49:13,codecarbon,c090bd0f-c0cb-40ab-bc11-7c7bd2474c7a,11.620293140411375,8.537413473588368e-05,0.0073469863199046,32.5,43.47,11.980078697204592,0.0001048964121275,0.0001401218277633,3.861675923167033e-05,0.0002836349991225,Germany,DEU,,,,Windows-10-10.0.22000-SP0,3.9.12,16,AMD Ryzen 7 3700X 8-Core Processor,1.0,1 x NVIDIA GeForce GTX 1080,,,31.946876525878903,machine,N
2022-06-20T16:54:41,codecarbon,bda65df5-d145-414c-8bb8-f3204c357d3d,23.03843307495117,2.0225038734078408e-05,0.0008778825655494,7.5,0.0,3.0,4.799534579118093e-05,0.0,1.919747392336528e-05,6.71928197145462e-05,Germany,DEU,,,,macOS-10.16-x86_64-i386-64bit,3.9.12,2,Intel(R) Core(TM) i5-5350U CPU @ 1.80GHz,,,,,8.0,machine,N
2022-06-20T21:41:17,codecarbon,c43f808f-4c72-4098-ab8b-9afa3bb43a8b,12.142479181289673,6.919238776899915e-05,0.0056983740087953,47.5,14.732000000000005,5.9588727951049805,0.0001601869429151,4.961825883812375e-05,2.006984066867858e-05,0.0002298750424219,Germany,DEU,,,,Windows-10-10.0.19041-SP0,3.10.5,8,Intel(R) Core(TM) i7-6700K CPU @ 4.00GHz,1.0,1 x NVIDIA GeForce GTX 960,,,15.89032745361328,machine,N
2022-06-20T21:58:08,codecarbon,7ecdb733-1a9e-4017-be97-5738864726af,3.567412614822388,2.4134237112647387e-05,0.0067651936342802,47.5,27.622,5.9588727951049805,4.7056878109773e-05,2.7245632343027327e-05,5.877679290214247e-06,8.018018974301458e-05,Germany,DEU,,,,Windows-10-10.0.19041-SP0,3.10.5,8,Intel(R) Core(TM) i7-6700K CPU @ 4.00GHz,1.0,1 x NVIDIA GeForce GTX 960,,,15.89032745361328,machine,N
2022-06-20T21:58:40,codecarbon,50d2868a-3f48-4f3b-b2bf-720207460a12,3.560518980026245,2.515415880524147e-05,0.0070647450403581,47.5,31.218,5.9588727951049805,4.696591728263431e-05,3.073725895484288e-05,5.865457666979524e-06,8.356863390445671e-05,Germany,DEU,,,,Windows-10-10.0.19041-SP0,3.10.5,8,Intel(R) Core(TM) i7-6700K CPU @ 4.00GHz,1.0,1 x NVIDIA GeForce GTX 960,,,15.89032745361328,machine,N
2022-06-20T21:59:07,codecarbon,5951eb1f-f0cc-46d7-9111-13441490aa65,3.5947470664978027,2.4412899086695e-05,0.0067912703272554,47.5,27.912,5.9588727951049805,4.741754415962431e-05,2.7763016282717387e-05,5.92541658986761e-06,8.11059770322093e-05,Germany,DEU,,,,Windows-10-10.0.19041-SP0,3.10.5,8,Intel(R) Core(TM) i7-6700K CPU @ 4.00GHz,1.0,1 x NVIDIA GeForce GTX 960,,,15.89032745361328,machine,N
2022-06-20T21:59:29,codecarbon,15deef16-694c-4ed7-98f8-a276ef0f65b3,3.552687168121338,2.50755404413074e-05,0.0070581898305916,47.5,31.122,5.9588727951049805,4.686257772975498e-05,3.058958492040634e-05,5.855280676441338e-06,8.330744332660266e-05,Germany,DEU,,,,Windows-10-10.0.19041-SP0,3.10.5,8,Intel(R) Core(TM) i7-6700K CPU @ 4.00GHz,1.0,1 x NVIDIA GeForce GTX 960,,,15.89032745361328,machine,N
2022-06-23T15:34:43,codecarbon,e56e6f35-5ea0-433c-a575-dfae18d2941f,53.83951115608215,0.000323356696317,0.0060059367065877,32.5,33.646,11.980078697204592,0.0004860240674681,0.0004092898922571,0.0001789607788695,0.0010742747385948,Germany,DEU,,,,Windows-10-10.0.22000-SP0,3.9.12,16,AMD Ryzen 7 3700X 8-Core Processor,1.0,1 x NVIDIA GeForce GTX 1080,,,31.946876525878903,machine,N
2022-06-23T15:49:15,codecarbon,ab849263-0743-4125-9f72-e43eb9387996,844.4495174884796,0.0046649798167302,0.0055242850165923,32.5,14.883,11.980078697204592,0.0076231260536445,0.0050681973779772,0.0028069483847578,0.0154982718163796,Germany,DEU,,,,Windows-10-10.0.22000-SP0,3.9.12,16,AMD Ryzen 7 3700X 8-Core Processor,1.0,1 x NVIDIA GeForce GTX 1080,,,31.946876525878903,machine,N
2022-06-23T15:58:21,codecarbon,ddbbe4d1-6f3b-4ee8-9a19-f82562bfea7b,110.899001121521,0.0005855012085831,0.0052795895604289,32.5,41.19,11.980078697204592,0.0010011174375812,0.0005754755557216,0.0003685937461761,0.0019451867394789,Germany,DEU,,,,Windows-10-10.0.22000-SP0,3.9.12,16,AMD Ryzen 7 3700X 8-Core Processor,1.0,1 x NVIDIA GeForce GTX 1080,,,31.946876525878903,machine,N
2022-06-23T16:07:54,codecarbon,397dd592-ee73-4946-93f3-5c696d395eaf,494.4833343029022,0.0031557242412272,0.0063818616772515,32.5,42.162,11.980078697204592,0.0044638779943188,0.004376651074679,0.001643604622787,0.0104841336917849,Germany,DEU,,,,Windows-10-10.0.22000-SP0,3.9.12,16,AMD Ryzen 7 3700X 8-Core Processor,1.0,1 x NVIDIA GeForce GTX 1080,,,31.946876525878903,machine,N
2022-06-23T16:29:56,codecarbon,5e0eaafc-a9b2-473e-bf5d-afb46b3afce7,525.6895170211792,0.0028855793278962,0.0054891323385092,32.5,35.076,11.980078697204592,0.0047456184711721,0.0030937045106248,0.0017473193035726,0.0095866422853695,Germany,DEU,,,,Windows-10-10.0.22000-SP0,3.9.12,16,AMD Ryzen 7 3700X 8-Core Processor,1.0,1 x NVIDIA GeForce GTX 1080,,,31.946876525878903,machine,N
2022-06-23T16:42:33,codecarbon,c4d80283-2a46-4eb5-aeea-9ea665397139,591.5040001869202,0.0039283823441152,0.0066413453550167,32.5,42.497,11.980078697204592,0.0053396596966518,0.0057457398955919,0.0019657045410293,0.0130511041332731,Germany,DEU,,,,Windows-10-10.0.22000-SP0,3.9.12,16,AMD Ryzen 7 3700X 8-Core Processor,1.0,1 x NVIDIA GeForce GTX 1080,,,31.946876525878903,machine,N
2022-06-23T16:52:41,codecarbon,6a98fd48-4ce9-4659-ba01-81f4cfb3aa13,547.1687366962433,0.0037218456659581,0.0068020071622335,32.5,17.397000000000002,11.980078697204592,0.0049394287496805,0.0056091782705563,0.0018163287470659,0.0123649357673028,Germany,DEU,,,,Windows-10-10.0.22000-SP0,3.9.12,16,AMD Ryzen 7 3700X 8-Core Processor,1.0,1 x NVIDIA GeForce GTX 1080,,,31.946876525878903,machine,N
2022-06-23T17:14:27,codecarbon,2a862587-a8c0-4028-a301-642f6adc5d2b,1.843002796173096,1.2990069108882345e-05,0.0070483176345991,32.5,40.176,11.980078697204592,1.6629175345102946e-05,2.043399026870728e-05,6.093210163207535e-06,4.315637577701776e-05,Germany,DEU,,,,Windows-10-10.0.22000-SP0,3.9.12,16,AMD Ryzen 7 3700X 8-Core Processor,1.0,1 x NVIDIA GeForce GTX 1080,,,31.946876525878903,machine,N
2022-06-23T17:16:07,codecarbon,b822e78d-9416-41ab-b5d2-55697049f5a4,1.6900012493133545,1.1437039266672376e-05,0.0067674738532407,32.5,36.913,11.980078697204592,1.5247939361466304e-05,1.7174803011483617e-05,5.574065821974917e-06,3.799680819492484e-05,Germany,DEU,,,,Windows-10-10.0.22000-SP0,3.9.12,16,AMD Ryzen 7 3700X 8-Core Processor,1.0,1 x NVIDIA GeForce GTX 1080,,,31.946876525878903,machine,N
2022-06-23T17:17:48,codecarbon,8a41cff4-27b1-40f0-87da-02751e4836f9,1.6409962177276611,7.876414079465383e-06,0.0047997758888025,32.5,13.183,11.980078697204592,1.480551345480813e-05,5.954312670495775e-06,5.407662510793709e-06,2.6167488636097617e-05,Germany,DEU,,,,Windows-10-10.0.22000-SP0,3.9.12,16,AMD Ryzen 7 3700X 8-Core Processor,1.0,1 x NVIDIA GeForce GTX 1080,,,31.946876525878903,machine,N
2022-06-23T17:19:46,codecarbon,5f9d0e6f-fb95-4f6b-82cd-542592b25243,1.8175280094146729,1.2743063345191656e-05,0.0070112060332404,32.5,39.831,11.980078697204592,1.6408238973882464e-05,1.993239787836869e-05,5.995121769648032e-06,4.2335758621899193e-05,Germany,DEU,,,,Windows-10-10.0.22000-SP0,3.9.12,16,AMD Ryzen 7 3700X 8-Core Processor,1.0,1 x NVIDIA GeForce GTX 1080,,,31.946876525878903,machine,N
2022-06-23T17:21:08,codecarbon,4642b64e-f134-4e4f-b062-dd2659f264bf,1.951230525970459,1.424932018200115e-05,0.0073027353725486,32.5,43.389,11.980078697204592,1.760624200105667e-05,2.330028238534928e-05,6.433409773066312e-06,4.733993415947226e-05,Germany,DEU,,,,Windows-10-10.0.22000-SP0,3.9.12,16,AMD Ryzen 7 3700X 8-Core Processor,1.0,1 x NVIDIA GeForce GTX 1080,,,31.946876525878903,machine,N
2022-06-23T17:24:21,codecarbon,a3afa503-3295-4e7e-b7d4-a913463dd31c,1.604997634887695,7.707676984444358e-06,0.0048022980326595,32.5,13.183,11.980078697204592,1.4489561981625028e-05,5.826144300633007e-06,5.291193998288009e-06,2.560690028054604e-05,Germany,DEU,,,,Windows-10-10.0.22000-SP0,3.9.12,16,AMD Ryzen 7 3700X 8-Core Processor,1.0,1 x NVIDIA GeForce GTX 1080,,,31.946876525878903,machine,N
2022-06-25T10:02:25,codecarbon,239de28b-7aeb-4ec6-ab36-f0036471a27d,387.1917474269867,0.0020487387205958,0.0052912768265603,32.5,43.778,11.980078697204592,0.0034953095421195,0.0020240292141981,0.0012871021758943,0.006806440932212,Germany,DEU,,,,Windows-10-10.0.22000-SP0,3.9.12,16,AMD Ryzen 7 3700X 8-Core Processor,1.0,1 x NVIDIA GeForce GTX 1080,,,31.946876525878903,machine,N
2022-06-25T10:21:24,codecarbon,77faf9b0-2f6a-4cb5-b868-64cfa02c1615,995.6430037021636,0.0050459222836256,0.0050680035563581,32.5,15.261000000000005,11.980078697204592,0.0089879561766982,0.0044670376244668,0.003308867606229,0.0167638614073941,Germany,DEU,,,,Windows-10-10.0.22000-SP0,3.9.12,16,AMD Ryzen 7 3700X 8-Core Processor,1.0,1 x NVIDIA GeForce GTX 1080,,,31.946876525878903,machine,N
2022-06-25T10:40:25,codecarbon,ded6f1c9-e1f8-487b-a9dd-7cc84048ffbc,1105.6995124816897,0.0056480941949692,0.0051081637743444,32.5,15.03,11.980078697204592,0.0099814949502547,0.0051077540993001,0.0036751834918711,0.018764432541426,Germany,DEU,,,,Windows-10-10.0.22000-SP0,3.9.12,16,AMD Ryzen 7 3700X 8-Core Processor,1.0,1 x NVIDIA GeForce GTX 1080,,,31.946876525878903,machine,N
2022-06-25T10:59:25,codecarbon,99a85b17-931a-4c33-850d-aa8b94e9be2c,1125.2972574234009,0.0055147646190459,0.0049007180837471,32.5,14.97,11.980078697204592,0.0101583829861548,0.0044225835233785,0.003740510630154,0.0183214771396874,Germany,DEU,,,,Windows-10-10.0.22000-SP0,3.9.12,16,AMD Ryzen 7 3700X 8-Core Processor,1.0,1 x NVIDIA GeForce GTX 1080,,,31.946876525878903,machine,N
2022-06-25T11:35:25,codecarbon,e40ec575-a913-48bb-bcec-ddad74a3ab15,2135.810999393463,0.01088127479158466,0.005094680566152516,32.5,13.187,11.980078697204592,0.01928072417610221,0.00977025958769567,0.007099430826184385,0.03615041458998226,Germany,DEU,,,,Windows-10-10.0.22000-SP0,3.9.12,16,AMD Ryzen 7 3700X 8-Core Processor,1.0,1 x NVIDIA GeForce GTX 1080,,,31.946876525878906,machine,N
